"trackID","artistName","trackName"
"7fTc6aBevhBfM6vjSQuWHZ","<U+6587><U+4FCA><U+8F89>","<U+4E4C><U+9E26>"
"0fSuP4hMUK1CqDAYV62BHF","<U+6587><U+4FCA><U+8F89>","<U+5BC2><U+5BDE><U+53F7><U+767B><U+673A><U+53E3>"
"3hTGrqFnqsYtKKBWQYqUPy","Black Sabbath","A National Acrobat"
"6q4yVOTF91QRCukCQ1IzTV","Black Sabbath","Black Sabbath"
"5QdBAG8cpZhM3kIAQLDRN2","Black Sabbath","Changes"
"7stF5Ow2QS5G4Q0raUi1n6","Black Sabbath","Children of the Grave"
"2JPgqQuuOprW8STXRRugMW","Black Sabbath","Children of the Sea"
"4ZaEDNUZFE3mJGMeFd9n7P","Black Sabbath","Computer God"
"3gY381aWseWtDcnanY9n6u","Black Sabbath","Damaged Soul"
"0GoyVMmzOB53lT8qRJYC4b","Black Sabbath","Electric Funeral"
"3xHIzMtYweNIgsOGIbdyXt","Black Sabbath","Evil Woman"
"34aKsAXIfB6ZI6rlMSkXkk","Black Sabbath","Fairies Wear Boots"
"3IKJNHnVZ2bXGjAFBJiUYo","Black Sabbath","God Is Dead?"
"62BPSdAzi3dDO7ZNx3wikV","Black Sabbath","Heaven and Hell"
"6JZr1Anh17IB6DXtQDvxnh","Black Sabbath","Into the Void"
"4svkPL62HbvyFgf0nHFXAF","Black Sabbath","Iron Man"
"5PvD0laDXMT51BIo2JMxMO","Black Sabbath","Killing Yourself to Live"
"1PZ3DwxBYzuRYXt2fpomfY","Black Sabbath","Loner"
"42IXMJhCyollp2Yb1680it","Black Sabbath","Lord of This World"
"2GnVuaoKSkB6Xa07l1BBg8","Black Sabbath","N.I.B."
"4M3r1md8u4zyOf3DK0l9vQ","Black Sabbath","Neon Knights"
"74POLsjBpqeLGoLNRb3RGF","Black Sabbath","Never Say Die"
"65qw3kbgTAoKO9hJjDraRe","Black Sabbath","Paranoid"
"3pwGxrP40tnp4kaiHgSD5E","Black Sabbath","Planet Caravan"
"10sWvaY5yelQYHEvKfce4x","Black Sabbath","Sabbath Bloody Sabbath"
"4zLMM82wGnGS0VIy3pq2yU","Black Sabbath","Sabbra Cadabra"
"5IInb5Pmard39yh1RPwxQU","Black Sabbath","Snowblind"
"0xh4jAKV0BlbpycGZyJwtQ","Black Sabbath","Solitude"
"3zxY9E2Lq38ADIhwDXOWe2","Black Sabbath","Supernaut"
"2peq7apxC5w9ycNnykFx4E","Black Sabbath","Sweet Leaf"
"51MKd0GzWjAPmiB539tQAJ","Black Sabbath","The Wizard"
"0HVQuuXGAcQ2P5mBN521ae","Black Sabbath","War Pigs"
"5Nd7D67aFokhjPCWxPdcA6","Black Sabbath","Wicked World"
"4HFRItYjNrcwT6Vbtbk2i4","Black Sabbath","Zeitgeist"
"29PUsW4uzZI39YffXGKlUw","Blue Öyster Cult","After Dark"
"2g02rt0UFudctbAnmJsm22","Blue Öyster Cult","Astronomy"
"4Nyx3c0IPFITNo42yodlrh","Blue Öyster Cult","Black Blade"
"5I35lj0wrL3et6tRaq7gSy","Blue Öyster Cult","Born To Be Wild"
"6QJmMsK2vCvxPvkeaPFM0F","Blue Öyster Cult","Box in My Head"
"3fkPMWQ6cBNBLuFcPyMS8s","Blue Öyster Cult","Burnin' for You"
"7gzbnBiHnGBpruEIWTSh1X","Blue Öyster Cult","Burning for You"
"1hNIb1XdqTfcanT6yr9l4k","Blue Öyster Cult","Career of Evil"
"0M7oqERflkrJVHD3IAZqxo","Blue Öyster Cult","Cities On Flame"
"3hPYZWTZPGBnQ5fCAl6d12","Blue Öyster Cult","Dancin' In the Ruins"
"1Zd5KxenhiRD0OpIf9Dfmh","Blue Öyster Cult","Death Valley Nights"
"4cOqjEZyN13voCKivT0ae2","Blue Öyster Cult","Dominance and Submission"
"5KBdHzTROSlD3dACh91sZx","Blue Öyster Cult","E.T.I."
"7jVe2goPxC3aDq6BRgqPMo","Blue Öyster Cult","Edge of the World"
"41E1dJP0U1tlgIsjmPLHhd","Blue Öyster Cult","Eyes on Fire"
"1IYjr8q6ZmRxVlTVtBTvQn","Blue Öyster Cult","Fallen Angel"
"4QULNfm0fGOq1x7Z6ufi0O","Blue Öyster Cult","Fight"
"3OXc6xDxasnl4uj2jl1q4Y","Blue Öyster Cult","Fire of Unknown Origin"
"2oX1Mb2560PoRxHAVSpRAM","Blue Öyster Cult","Fireworks"
"1SphwtRn4YYVffKnTWaugH","Blue Öyster Cult","Flaming Telepaths"
"6XEe0KctR5H9ll1HMQrBZr","Blue Öyster Cult","Florida Man"
"6N0AnkdDFZUetw8KAGHV7e","Blue Öyster Cult","Godzilla"
"1BKoilGgL2OgmPKcYQ27vQ","Blue Öyster Cult","Golden Age of Leather"
"1uUCpOX86yRGShambUp93O","Blue Öyster Cult","Heavy Metal"
"4hO1SWYmqJF6X7O5rZaE6R","Blue Öyster Cult","I Love the Night"
"7vm7Bd52OsZmxk3yWulR2u","Blue Öyster Cult","In Thee"
"0DcEV14d8zZykcFQ6PI2KQ","Blue Öyster Cult","Joan Crawford"
"273lBFpxUCwisTpdnF9cVb","Blue Öyster Cult","ME 262"
"6JtnDjDz5eJ87GOAd8sDbv","Blue Öyster Cult","Monsters"
"4bNuSqQByGNwVSYBttd9Jm","Blue Öyster Cult","Nightmare Epiphany"
"2Qo5Bpb4Chv3KHhQn4dGWl","Blue Öyster Cult","Nosferatu"
"25bhZC815VKJyXBF15UVje","Blue Öyster Cult","O.D.'d On Life Itself"
"1P37l3UBUo49cqATq6Qccz","Blue Öyster Cult","Redeemed"
"2KsnSzoJlmfT44jFOqRP1E","Blue Öyster Cult","Screams"
"4D0rMWGCN4xQzSgLDOj634","Blue Öyster Cult","Secret Road"
"4dxvxIJyRionBTOIo3v8yH","Blue Öyster Cult","She's as Beautiful as a Foot"
"2hIPXxsglGrqR1O7j4zt9H","Blue Öyster Cult","Shooting Shark"
"0ZulY8etRzj54NLYOYX7jy","Blue Öyster Cult","Sinful Love"
"2PicnFqnuKd9EwHp2xQvcn","Blue Öyster Cult","Sole Survivor"
"3VH9PB4maOkYsS1KKXDBb1","Blue Öyster Cult","Stairway to the Stars"
"0d6toPSchGTRM7HOGGE8Sy","Blue Öyster Cult","Stand and Fight"
"0fH5JH6nF13GqegSQvG0uX","Blue Öyster Cult","Tainted Blood"
"6zdMlZyo0XyRNclXyQvVAl","Blue Öyster Cult","Take Me Away"
"1DV0f9SWOku3899QQ8ux93","Blue Öyster Cult","Tattoo Vampire"
"4SEVM5zCvVLTwk8Rm5ox0I","Blue Öyster Cult","That Was Me"
"6gqBQnqc30AV9Z8mFu20EF","Blue Öyster Cult","The Alchemist"
"2FH9s2d6Kuo3RyvfwGfWL7","Blue Öyster Cult","The Machine"
"1mKM34k8n1nLeMF1yt9EKS","Blue Öyster Cult","The Red & the Black"
"2prO2CskUEGM1sErj1tyyi","Blue Öyster Cult","The Return of St. Cecilia"
"60TYdVs6TWIsAJ1MPRdv59","Blue Öyster Cult","Then Came the Last Days of May"
"5faIQyk8ZehpXPPvBPbXNa","Blue Öyster Cult","There's a Crime"
"1lyzM8ksTZShD51uQVt8zW","Blue Öyster Cult","This Ain't the Summer of Love"
"6lO5R7MqS8zBCQRBUqOi9x","Blue Öyster Cult","Train True"
"59ENhfT8TIFjB30TUVG4PA","Blue Öyster Cult","Transmaniacon MC"
"6sH5tkQoXL3YKV0hpXZoWj","Blue Öyster Cult","True Confessions"
"1bPUK3zBMK73QXmCLzqffn","Blue Öyster Cult","Veteran of the Psychic Wars"
"7aZuLqm3Ft8eUnzDYkJrXR","Blue Öyster Cult","When the War Comes Home"
"1QEEqeFIZktqIpPI4jSVSF","Boston","More Than a Feeling"
"5fwDeXiddBrFU3zjTKsiZq","Brian May","Driven By You"
"7ppEe541TTltrmGoQO5N4n","Cream","Blue Condition"
"2uxsnsH0XzOBZkMrSFVmll","Cream","Born Under A Bad Sign"
"5qlENYSq7eJmRXsP6bKBKY","Cream","Dance The Night Away"
"47bXIv24jthL4vzZy3j7CY","Cream","Strange Brew"
"2K2M0TcglCRLLpFOzKeFZA","Cream","Sunshine Of Your Love"
"2JbS4ZDBIUcXavA9mfb2nC","Cream","SWLABR"
"0GxV3poTM7Z7fKSUqy5qFw","Cream","Tales Of Brave Ulysses"
"6OWonlTNJpRwNRI6IYDY0a","Cream","World Of Pain"
"null","Data Hackers","Aprendizado e o futuro da educação"
"5URpMAb54ke5nwHFe93Xmb","David Bowie","Life on Mars?"
"6kEyuKmF4kZylB5LcuRd8Y","David Bowie","Space Oddity"
"28FBXPS2VWWvp6eMU6JL3o","David Bowie","Starman"
"4RzUcGT0RAmyeEe5wmvz88","David Gilmour","Echoes"
"7yn7rpRvg6XCq10B94etIp","Deep Purple","Black Night"
"4gVTozEmzwAUXpwj3jEetX","Deep Purple","Highway Star"
"2JhJOPGvtqMpj5RQC8cIYf","Deep Purple","Perfect Strangers"
"2VpWlosniF04Stk8W9BZll","Deep Purple","When A Blind Man Cries"
"4VQeQlaSsAfP8fmZynnb7q","Dio","Don't Talk To Strangers"
"07rjmFuB0I2O1UuIPnu6Qj","Freddie Mercury","Barcelona"
"7M8uS1GRmHVZShFuaGKaY4","Freddie Mercury","Living on My Own"
"7m1JSCGnmorA3tjtWJpDj4","Freddie Mercury","The Great Pretender"
"4yKWUl2WR327Ol0MNzOD5B","Geddy Lee","My Favorite Headache"
"3cFUgGMpaynZHiuEqv48qn","Geddy Lee","Runaway Train"
"1mAFKniHLRQSpd8wWani14","Geddy Lee","The Angels' Share"
"10kUVvy3damVfxFRABXKkB","Geddy Lee","Working at Perfekt"
"7j02rdE5RVtNcNMuLGY5SS","Howlin' Wolf","Spoonful"
"6rhuSXgoD3A34u7W6N54Oc","Joelma","Botar Pra Chorar"
"7m1qOvGJOhAWd00dUfq2mn","Led Zeppelin","Babe I'm Gonna Leave You"
"3F3hmyDVsfNAzCXCfVMIv0","Led Zeppelin","Black Dog"
"0H3Z24wgVfdl2YeQJvZfJM","Led Zeppelin","Celebration Day"
"3MKWTqACZYmbKmoLDBmoVt","Led Zeppelin","Communication Breakdown"
"3oQmhSFOyQx8v1qf0shHNP","Led Zeppelin","Dazed and Confused"
"7gqmwUh6nk9KFyjAPifJlj","Led Zeppelin","Friends"
"26EevkzlKOnKeeeFtsPsql","Led Zeppelin","Gallows Pole"
"7x2UCrhyXgeeDiLIeg29d6","Led Zeppelin","Going to California"
"7zqYR0ke1rSZxQYkMUorCM","Led Zeppelin","Good Times Bad Times"
"2vOgQcXtjY7J0LVRXeqYpK","Led Zeppelin","Heartbreaker"
"0ylE7gAbnYkkzt8LhyZdoT","Led Zeppelin","Hey, Hey, What Can I Do"
"5GpPnZgfycTTzBksvGQsas","Led Zeppelin","Immigrant Song"
"4ojX1Nce4VlOsmHbpOD0ht","Led Zeppelin","In My Time of Dying"
"6K5R5Apnthfr9UvWeNWKC5","Led Zeppelin","Kashmir"
"5ucXfilvtzz7pZslFn8a3n","Led Zeppelin","Nobody's Fault but Mine"
"0dpL8X7a0RLu7rsTO9Ex7y","Led Zeppelin","Out on the Tiles"
"6j5zFSiZO1BZmTl9RZ0Xc0","Led Zeppelin","Ramble On"
"2Glp2agSlMNslCznis3bTf","Led Zeppelin","Rock and Roll"
"6Jp7OBQu2quohZ3V9Xlma9","Led Zeppelin","Since I've Been Loving You"
"2e61kmae4HhbuS9hYONQ0A","Led Zeppelin","The Song Remains the Same"
"3vb4WlnT1gCHCqWnL7MsIB","Led Zeppelin","When the Levee Breaks"
"2SGaFY7FVT7vpXzhDx4XPR","Led Zeppelin","Whole Lotta Love"
"4gMgiXfqyzZLMhsksGmbQV","Pink Floyd","Another Brick in the Wall, Pt. 2"
"5HNCy40Ni5BZJFw1TKzRsC","Pink Floyd","Comfortably Numb"
"2jvuMDqBK04WvCYYz5qjvG","Pink Floyd","Dogs"
"5qlckstqDQ2RskL0SJsDYx","Pink Floyd","Fat Old Sun"
"5a4MgIUSf9K8wXLSm6xPEx","Pink Floyd","High Hopes"
"63brgJhrcNFW8ncUhM1mhG","Pink Floyd","If"
"0vFOzaXqZHahrZp6enQwQb","Pink Floyd","Money"
"4p1qtNoktFkDJy2oeXHmYi","Pink Floyd","More Blues"
"0gEaeqVRHPzRc7HMXtOKc7","Pink Floyd","Pigs"
"19tHmIQsRnebkyK09m2UXE","Pink Floyd","Pigs on the Wing 1"
"55e99bv2wlgTYtNEYHWtN1","Pink Floyd","Sheep"
"01oeshlnI7gchG1pt7PS76","Pink Floyd","Shine On You Crazy Diamond"
"3TO7bbrUKrOSPGRTB5MeCz","Pink Floyd","Time"
"6mFkJmJqdDVQ1REhVfGgd1","Pink Floyd","Wish You Were Here"
"0kIpcu3DQacQObHVyra9Jx","Queen","'39"
"74QzobuYWH5BHMTrW9X7Yu","Queen","A Kind Of Magic"
"2TZFIU3tMAQNhMfcFWPTUb","Queen","All Dead, All Dead"
"5Lsg8jlCoTyxRch9LvJo3E","Queen","Another One Bites The Dust"
"5nv5hodQpAMoT2PqSVmakE","Queen","Ay"
"5rQKjP9forn7JVuiZBj6eZ","Queen","Bicycle Race"
"6l8GvAyoUZwWDgF1e4822w","Queen","Bohemian Rhapsody"
"6a4cMRwVA0z8FETARH7PTc","Queen","Breakthru"
"1xD8LOLKZTBWp7SXQrUANX","Queen","Cool Cat"
"6aU0F03DR257LCPAXjtg42","Queen","Crazy Little Thing Called Love"
"3goduURDLxG5xVKC1geLtB","Queen","Death On Two Legs"
"43DHLzDkncpby82Po5jlOZ","Queen","Don't Stop Me Now"
"6GT9NVRrfjQFJvanUnBP5W","Queen","Dragon Attack"
"108CEUGyglECilQb3o1jec","Queen","Drum And Tympani Solo"
"0NZ90au4uU11IkvReTOGYJ","Queen","Fat Bottomed Girls"
"6tYYT8zNxkadSCujCdR6Ur","Queen","Flash"
"00QAndVDVfNqNWYdWAhEan","Queen","Forever"
"0Qnog91b8rD28SXhtBeBOH","Queen","Friends Will Be Friends"
"4Bgluc807xGpxehxW6Uvn7","Queen","Get Down, Make Love"
"76S0Oy6sFz1fg8dQP5QTpQ","Queen","God Save The Queen"
"1mnQiO568zXIrUncttTZGp","Queen","Good Old"
"668edfhvN0OKWx6kc1bFeb","Queen","Guitar Solo"
"2GCFcbxm61rSA8gzsDk6NJ","Queen","Hammer To Fall"
"21YZVlxpUNaZ136Shhm7FE","Queen","Headlong"
"7Lyci2dYU5I7Rgl1Gxgc7q","Queen","Heaven For Everyone"
"0sA5xCFx2bF3jrz5Y5r0m1","Queen","I'm Going Slightly Mad"
"4LdDKiaHx5B1VCocUY2ppn","Queen","I'm In Love With My Car"
"3MjXl9LMQFEbXa09w914d7","Queen","I Can't Live With You"
"0GQo5VkiurD6HnVpaCNeMf","Queen","I Want It All"
"25H6P7a94WUr5102lC6TNI","Queen","I Want To Break Free"
"3K1Z590k8xkKWcyWjDUL2S","Queen","I Was Born To Love You"
"1dG4lTOVFu8RkSzybolp7o","Queen","Innuendo"
"1fzQ32qjWi45u1hPcNM0Hw","Queen","Intro"
"5Uzgm4svJMIZq7fNXeDfEr","Queen","It's A Hard Life"
"20tTHycMGXBlar5C0sOw0H","Queen","It's Late"
"1ow6RtvSgueeJi8kpdLk3c","Queen","Jailhouse Rock"
"6WKoOXecrcYW8RmerNCxFB","Queen","Keep Yourself Alive"
"6hvpwZPS3x3XSv57qYWiUR","Queen","Killer Queen"
"4ySzMx9MJDmPQyjdXuNP3s","Queen","Las Palabras De Amor"
"1qPQZ80itCW6kHAOfCccnq","Queen","Lazing On A Sunday Afternoon"
"3La5LAAtOfriFxZi97ybSK","Queen","Let Me Entertain You"
"5dNb4EJQbzYONcP1HGZRIe","Queen","Let Me In Your Heart Again"
"5xksN73zPWG6l5jyOnQBCM","Queen","Let Me Live"
NA,"Queen","Liar"
"40fLjod5rvRpSgWAvAelXm","Queen","Love Of My Life"
"5KvOmjiGxUcpkJvKCzHufN","Queen","My Fairy King"
"5btB0bp2D0N3fCkifI8vFi","Queen","No One But You"
"2R8xlQtomjh07jgexGp6rJ","Queen","Now I'm Here"
"4BB3Itr3YETOKFURnC28Ld","Queen","One Vision"
"13xg3nvQZajbPIi4GtoegH","Queen","Party"
"6hyjl7z58fwPpx8273ilOC","Queen","Play The Game"
"0vr93BPFtjbXMj8ySn80tj","Queen","Princes Of The Universe"
"2jAc9KIQ9XoZxkydXh3MVh","Queen","Radio Ga Ga"
"7rkrEyowp24CGvy0vE3snq","Queen","Ride The Wild Wind"
"5xDFYRukUOamdjnFoM3RoW","Queen","Save Me"
"1e9Tt3nKBwRbuaU79kN3dn","Queen","Seven Seas Of Rhye"
"51WaksrkxDnWH13oabHpJ1","Queen","Sheer Heart Attack"
"4POnIp2RNhXnpn8aoVxIQo","Queen","Sleeping On The Sidewalk"
"6cFZ4PLC19taNlpl9pbGMf","Queen","Somebody To Love"
"0MqUyrjDnnEKSyDJbFRZGg","Queen","Spread Your Wings"
"00moD4PXcXHnshxk8ljkgi","Queen","Stone Cold Crazy"
"3cEeI20ZGyNMMsRNIAPnlg","Queen","Thank God It's Christmas"
"1KUBC2Wy6DGtID7EZnO5TU","Queen","The Hero"
"0kf46oObVRf3L51fHIojEm","Queen","The Invisible Man"
"3mT0VfxsucvDg7DpzB0fcy","Queen","The Miracle"
"3m86qx7aIeqFcYcQ1UXUvP","Queen","The Show Must Go On"
"0RAXNWy8uixVy6gC5CXPbf","Queen","These Are The Days Of Our Lives"
"5iizMR06EEjsYFFuJmxfVI","Queen","Tie Your Mother Down"
"59xNhKR4abaCKdHzIxTApc","Queen","Too Much Love Will Kill You"
"1mSClObliRtgPVT399COQH","Queen","Under Pressure"
"4kzvAGJirpZ9ethvKZdJtg","Queen","We Are The Champions"
"0a9sd6MEXZXIPHk0fAxpZ4","Queen","We Will Rock You"
"22KvnSgCUY8ix8riybbYiI","Queen","Who Wants To Live Forever"
"4NpUDa36KfCZ7cDBfVY08Q","Queen","You're My Best Friend"
"5K7JrTWUDr7R0paSy4rVYh","Queen","You Don't Fool Me"
"52bzQkgk8TznulGvKOPQTK","Rainbow","Man On The Silver Mountain"
"6xq5DxZWGgdStAxGAil0yw","Rainbow","Since You Been Gone"
"1aDNYyeU62BuQsBAY18i48","Rainbow","Stargazer"
"3n3dOTV7F5AOuE2mA5K57m","Roger Taylor","Sunny Day"
"5H8xFHau0x3PI1CssO6EaX","Rush","2112"
"4Ilt9N2XASXY60DSEitW5K","Rush","A Farewell To Kings"
"1p9hRNRKVFPuYv0ADlkl1l","Rush","A Passage To Bangkok"
"1zS3nK868x59ewPAzXat4y","Rush","Afterimage"
"4uh2XykjwusuI5FGroB7Ay","Rush","Alien Shore"
"5gjLmSIlvHJjCN7qKTnoqi","Rush","Anagram"
"0rdJpnhnW4apSXGEyW8epP","Rush","Animate"
"481S5BKOolPHU4VDkDBHqn","Rush","Anthem"
"6ZXtAlyP1lNWfIJ2faQvwP","Rush","Armor and Sword"
"2cGFkKCnNlehBR2CKkjXAF","Rush","Available Light"
"2fsFnXtYfu3xkz9QXj1pZs","Rush","Bastille Day"
"2ix7QGz7AtP7adFF52EDW6","Rush","Before And After"
"0bh40rcAYgtvLgS77L9SRi","Rush","Beneath, Between & Behind"
"4In36toej4JkNAPn24Jk88","Rush","Best I Can"
"4M8k3O09ksiX6CTDWiDpEr","Rush","Between Sun & Moon"
"78483g1DX5kIjyRnsGzxo3","Rush","Between The Wheels"
"5IAevkIuxBJd3y6gGxALMw","Rush","Big Wheel"
"7sG6Tp1Oyul64gFFU55iRy","Rush","Bravado"
"5rlyubwWC7PSllji9QWVVN","Rush","Bravest Face"
"5HRsMfZ3FA0kDa3FeyVIU6","Rush","Broon's Bane"
"6CiPGcWJ3YykntxFjaaOJH","Rush","BU2B"
"3zkVj459Ihoe84z3C7qlqY","Rush","BU2B2"
"0hRJNNyjoIlRcrgYVypM2Y","Rush","By"
"4WW7Uaek3bzeODiZhE3PSK","Rush","Caravan"
"1E67jlQYbkbYwAuYBUM3k4","Rush","Carnies"
"6zsMoyRa9nhT6IaAIHejQw","Rush","Carve Away the Stone"
"0t7XMkbixxJOHaYoNP010X","Rush","Ceiling Unlimited"
"4J5sWlkO9gnR5o9wXwC9Ba","Rush","Chemistry"
"2qnPNuQseD2NvWo88MCVGu","Rush","Cinderella Man"
"4lShKS7ee6aoC8hbUVOhYG","Rush","Circumstances"
"0mhh1nYcfI2uKkCaxKdGYT","Rush","Clockwork Angels"
"2Cx4yqMFQuIhUg6X6NtFOS","Rush","Closer to the Heart"
"4u3oXuVeOGoByIMz9pnOKf","Rush","Closer To The Heart"
"6xJ1reaLC6A1KcK7NhIKLl","Rush","Cold Fire"
"2rIyuURzVLDjENwkmhZ5Gf","Rush","Countdown"
"0VX5SeVK2VbE7QCmckXUaP","Rush","Crossroads"
"0IQyuH6r2C2rRHZqp3wiwZ","Rush","Cut to the Chase"
"7xxZUTxxlkiFEMzL6lYXtF","Rush","Cygnus X"
"2BlPpQDClWGXuYttAmQcBY","Rush","Different Strings"
"1ZhhIn96uDxZrPeYinban3","Rush","Digital Man"
"1bVnRjdVprR6ZoT67DBxML","Rush","Distant Early Warning"
"73vRr6iK9cYdtq6UUBDV6C","Rush","Dog Years"
"43kNCjDBX9dRKO5LSC2Wsc","Rush","Double Agent"
"4fW8PJ4ks1DEnBMSZAskuG","Rush","Dreamline"
"22ZNL38S5L7YukBzmdOEmh","Rush","Driven"
"7BR0IslolpW7cU95e66cww","Rush","Drum Solo"
"1HMiAvNM0klyxplKlwL200","Rush","Earthshine"
"4BG64Z9i4XACK6IRWmgIKO","Rush","Emotion Detector"
"3JZDax8w9XaM2SXVim3lxd","Rush","Entre Nous"
"69t7DsYDpR8OnIgyvoOoTW","Rush","Everyday Glory"
"2lC01cXkzlE8YHnyxZpIGu","Rush","Face Up"
"2JSwj8qqQZtL5hRcS66IA3","Rush","Faithless"
"4oln108lelSadoqEFlwCZi","Rush","Far Cry"
"6POxVhw9vbWKn4vXrLo3St","Rush","Finding My Way"
"54TaGh2JKs1pO9daXNXI5q","Rush","Fly By Night"
"3HIvUCPsvELgIW7GNrXyK5","Rush","For What It's Worth"
"2B36scXmm2xG35ILOJMmxf","Rush","Force Ten"
"0l8rsbuxi5ui2xDoJcY8sm","Rush","Free Will"
"2XwYeBzumtjxVbFWwhJpsy","Rush","Freewill"
"23eDYjECeAjGDkHAdBArkx","Rush","Freeze Part IV of Fear"
"0uYvO71Uj1ysX89V5Do3Yp","Rush","Ghost of a Chance"
"6fBVFj2Bg9mo4AsPgsDHYw","Rush","Ghost Rider"
"4vGv5xaIUgmzycJlUQXpSp","Rush","Good News First"
"3C3DdjdRkkBzVfX3uK7Jdf","Rush","Grand Designs"
"6drHXrgfLNYOJilS6FXeNr","Rush","Half the World"
"6oZJhVw9oYz6MN1SBMPYFu","Rush","Halo Effect"
"2K0tmrLNQFWAPFXdxOmHn8","Rush","Headlong Flight"
"3VtrcsvEp3RIwg87GOui3q","Rush","Heart Full of Soul"
"2PmZQXV2MdrIKgSKVXdWSd","Rush","Hemispheres"
"1q8VMNy2RTTl7dZhVIU6hk","Rush","Here Again"
"5NLvbki7VVHdfijSsEOPQl","Rush","Heresy"
"2BEr51Zq9qSL55rGOCXmPP","Rush","High Water"
"3aAB9ANGuZSVnz1wUHStOh","Rush","Hope"
"5R61KVtwmPQtejzALcEEwU","Rush","How It Is"
"69XM8H8if0YrYAAwW08fKA","Rush","I Think I'm Going Bald"
"2T6lFb6HFAOkkOnphgwA2R","Rush","In The End"
"2CB4yzH1SBr0q85YniII0M","Rush","In The Mood"
"341PPpWkAUkEQeIdQQDGTo","Rush","Jacob's Ladder"
"4CyElmiM9EF9aURGWlPZLi","Rush","La Villa Strangiato"
"7f5bnrMNHpGpWYqHMIb3Nb","Rush","Lakeside Park"
"2qvNzvfmy5nReCFhYHK6x3","Rush","Leave That Thing Alone"
"0hB7p4rUwkpVyNifHxTXXT","Rush","Lessons"
"35XwX1IZX2A3pURMSrRyrT","Rush","Limbo"
"0K6yUnIKNsFtfIpTgGtcHm","Rush","Limelight"
"6JyLquq5aQde75cezBnw6P","Rush","Lock And Key"
"7l4um9WaXEJOpYmkrXsPsE","Rush","Losing It"
"5z7Pdf3CNlauRJkBSihT6v","Rush","Madrigal"
"2qxfjiwmOcxaepHaGqhRjR","Rush","Making Memories"
"4nmEn8BaHCNLwvHcwAzhaU","Rush","Malignant Narcissism"
"3uQDfCKlwfK9Yz10JFcsC7","Rush","Manhattan Project"
"2P0x26YpGzXDddtQEc171e","Rush","Marathon"
"3e0KuLvoVxvTdfewVq7VcP","Rush","Medley"
"4UbZmqYEzT5vn4UrPzAHu9","Rush","Middletown Dreams"
"0q6kL6JEfoGbozD1rjG7NY","Rush","Mission"
"5dkfF6T8QH5myWNt7GUHeo","Rush","Mr. Soul"
"3wBqON2EX3QFDyFLvl1Tcv","Rush","Mystic Rhythms"
"3sFgH9hqMB6cySLWJOGAJ4","Rush","Natural Science"
"4ssrDczLOdo1veDL3LgHwI","Rush","Need Some Love"
"2l1AraumK6y3VUwi8Bw7iJ","Rush","New World Man"
"0xcA7LflHSiDPV74zs0s3b","Rush","Nobody's Hero"
"7rcG5Md3kcuLly1F6v0hOs","Rush","Nocturne"
"0eTOcyfTqfutyBWbbAD6Yh","Rush","O'Malley's Break"
"7CI5bgWO8RzDbiKOCN8407","Rush","One Little Victory"
"2QLQ8R0UbYX5iNNTgmR7V6","Rush","Open Secrets"
"0saSHG3UN8KJj3uwH71Uf3","Rush","Out of the Cradle"
"2Z4IoVFtLSKVJBPJZ7Cz4T","Rush","Overture"
"34FEpygxlcPm1tE26YqewO","Rush","Peaceable Kingdom"
"6J6nHaxeRubBEYLMjW47OF","Rush","Peke's Repose"
"6hq2Enqp3pXY5nhxcfuZiW","Rush","Presto"
"2SBKGHPQmo65mz9MxV30Fr","Rush","Prime Mover"
"6UGHk2cmbDC1oidVjXcCKo","Rush","Red Barchetta"
"3PefhAnxRxxxeimzWetwnT","Rush","Red Sector A"
"32L4YJsU0uetIaSwsT7i22","Rush","Red Tide"
"7DRmkiHgfOV17YJuG60CGV","Rush","Resist"
"3U52bW9ucEIw2UQ50Oh0ZD","Rush","Rivendell"
"5fxyxJbYxhMMwfvCcx2tdk","Rush","Roll the Bones"
"2k0xk8GpsST0pcJ0Wck9tE","Rush","Roll The Bones"
"6052jtfgpaXiVlHLUnoFFm","Rush","Second Nature"
"4LH2OsCBtFweBHUddAtfpL","Rush","Secret Touch"
"5ygL2ee5PAwG8ZnF1fTqlD","Rush","Seven and Seven Is"
"1bMEynxrPX5DoPcKTt1yxf","Rush","Seven Cities of Gold"
"6gMIafMZuSDsLuCfEJhbln","Rush","Shapes of Things"
"4bGkklcgdZvIUtoqIc7wcd","Rush","Something For Nothing"
"1dmIlrag3uTxCI815XgXrr","Rush","Spindrift"
"6enqhZawSgbAlFLRvXwAH0","Rush","Stick It Out"
"0Z0s6dw0zw2ENU1gVjlLV6","Rush","Subdivisions"
"5RcsVmIjkfNsI42exR4xql","Rush","Sweet Miracle"
"3k4ML90lCkW9bHvGeGrDIV","Rush","Tai Shan"
"11KIDPIj4gFZ43Q6szqAfB","Rush","Take A Friend"
"5L2dN3m2sliHCEojBDt7wR","Rush","Tears"
"20mmTwCJPnoA9Gq4Qhbqaj","Rush","Territories"
"0uV03rQUQn4j6HhWz7Nt2T","Rush","Test for Echo"
"1rUmVxcEAAMTI7BGp4fiyl","Rush","The Analog Kid"
"7LkMvdPlagxLNKTU77Z1SO","Rush","The Anarchist"
"4f6CJbnASHEtQspSwqoYlr","Rush","The Big Money"
"0HJsaW48EYnIxH627aRHWN","Rush","The Body Electric"
"0hBby0yygBY1u3m6tSpZgC","Rush","The Camera Eye"
"7f0mxDL2Au3hLvhtUe4l7L","Rush","The Color of Right"
"6QRQd3I52HHXy59OWAqKNa","Rush","The Enemy Within"
"59VlwBBWgPPKBOg42ZVzOT","Rush","The Fountain Of Lamneth"
"6CRNYiqBld7XK4plDLk3lL","Rush","The Garden"
"6XP1lxHvGRqttJq7bogFQ0","Rush","The Larger Bowl"
"3uBiydBKLwlAk9f3lICpVo","Rush","The Main Monkey Business"
"68WOjqnUdYrBd44y9ow0Z1","Rush","The Necromancer"
"0pT7Vws8MhBLXx7rwqOwMD","Rush","The Pass"
"3KQCdojAu1aO3BZ2G959e1","Rush","The Speed of Love"
"4e9hUiLsN4mx61ARosFi7p","Rush","The Spirit Of Radio"
"2A1LlBVlq0U1MWUnwb3Cyc","Rush","The Stars Look Down"
"5cHnoalJPx909Umw8EoroV","Rush","The Trees"
"0QHY2cPwl7GpgC4WO5Onql","Rush","The Twilight Zone"
"4eh73oNd3bMVLI1NSeezm1","Rush","The Way the Wind Blows"
"71PeEU6DLw7b2UvKuilQ0e","Rush","The Weapon"
"2s5oNg5BmJg1GwSqkPbzrT","Rush","The Wreckers"
"4zEoCyDemOOdcdF5DsSo7I","Rush","Time and Motion"
"1uqGSvSc207Zlgi4sGr9RQ","Rush","Time Stand Still"
"3QZ7uX97s82HFYSmQUAN1D","Rush","Tom Sawyer"
"17HT5At90d2Pl5cXnKls4S","Rush","Totem"
"7LHp6fGj4lG47lNceQ0Ltc","Rush","Turn The Page"
"5QDf6Iilwl0C5pDr2o03eX","Rush","Vapor Trail"
"3Wdd3odOmELr46XR4MQohR","Rush","Virtuality"
"1k0GxoZYv3Yx5mNeXMOZN2","Rush","Vital Signs"
"5EfynFqT83pclSF9jeuVrD","Rush","War Paint"
"63JnyvtwaCYqsVQfVwgyuI","Rush","We Hold On"
"5ta0Ra3jMlNWKlSyIML7ZI","Rush","What You're Doing"
"56FU6yh4O46jrAltLyY2zr","Rush","Where's My Thing"
"05AxLHZd9zgxZRGJV0Jv3f","Rush","Wish Them Well"
"6cbBAD1AAYVaQR1cx89AZX","Rush","Witch Hunt"
"36ypZxzbhZOh68bzs1giOd","Rush","Workin' Them Angels"
"1gkn90ExKRNAOlhDs4RoW0","Rush","Working Man"
"5q7KiSN7znIONR76LAqm7k","Rush","Xanadu"
"2mLf5ZgJeEU2ArptAHcJbs","Rush","You Bet Your Life"
"3lpDrxUkr0tIe1kmJvdK7d","Rush","YYZ"
"2d7LPtieXdIYzf7yHPooWd","Sleeping At Last","Chasing Cars"
"3tJjZMHLqhD8DaGgdBICnc","Sleeping At Last","Saturn"
"3qiyyUfYe7CRYLucrPmulD","The Who","Baba O'Riley"
"4Vtl42qX97JBj68TKifBHR","The Who","Bargain"
"0cKk8BKEi7zXbdrYdyqBP5","The Who","Behind Blue Eyes"
"0DkCOLwvtxVPs3ri0XbDLK","The Who","Bell Boy"
"75AhlGB9aFWTxDfbmbdiCH","The Who","Cut My Hair"
"1NwZEoDB9oQOH2UnRgDMX2","The Who","Doctor Jimmy"
"775kHBFQ3xnxGeRe0rOz7b","The Who","Helpless Dancer"
"6TRQUflD06zYvNijwb2HNH","The Who","I'm One"
"0f0DUjcrkg9Vi4Eg0abLPi","The Who","I Am The Sea"
"1zdmeAd3wE2VlrrxpAAEgr","The Who","Love Ain't For Keeping"
"04jUWHa4mIZKn7duaD2gXW","The Who","My Wife"
"2daz5cSUMul4An2vCSERJC","The Who","Quadrophenia"
"2JqIRmo5zyrneYYVG9XX5D","The Who","The Dirty Jobs"
"2O1tCUkthqO7SWpXdDnp2T","The Who","The Punk And The Godfather"
"4rVvheUQ2wQpn5uXX5l0gS","The Who","The Real Me"
"1F10hpkS0xntdnTZ4bIjTp","The Who","The Song Is Over"
"7guz8LWGuiHSvp19OUxmbQ","Yes","America"
"0BlY6gmEradqgbFf5uGbAG","Yes","And You and I"
"4eVH8dKkAmC5p90RvaCgUk","Yes","Close to the Edge"
"16fE6ktt6921sqMSGqVu6t","Yes","From The Turn Of A Card"
"0rxOukzmqEBM9u4L84Z9bm","Yes","Long Distance Runaround"
"0l2kEdf5XjlckyybbNjmYS","Yes","Roundabout"
"1nyLujWRDFnsuKkz1Iq387","Yes","Siberia"
"17sTUE1DweDdop28Okl2hj","Yes","Siberian Khatru"
"3S0KgMao9oX73ka3QZe5mM","Yes","To The Moment"
"2njPB5yC71L5gbKvu9dH7g","Yes","Total Mass Retain"
"3HEtl1yZPv9hQscQatHXaX","Yes","Words On A Page"
"5Wak5qdZwGg9PmBmuvIOvh","Rush","Working Man - Live in Cleveland"
"6RW4kOOiCoM7yBFFEWSqyC","Rush","Spindrift - Snakes & Arrows Live Version"
"7JC0CAFGIXFEQIAfcx19p1","Rush","The Main Monkey Business - Snakes & Arrows Live Version"
"625y4LM6vsi4oeZDdXxXW1","Queen","The Miracle - Remastered 2011"
"6CQY6C0cgxLxReIjjJat9H","Rush","Losing It - Live R40 Tour"
"32DaPcfAuiQtdvRaOQn7qX","Rush","Leave That Thing Alone - 2004 Remaster"
"21t1bdwV3pEawdK9OhsauX","Black Sabbath","Live Forever"
"1FlPsr3Ch2Lj1tzUgbodsB","Queen","One Vision - Live At Wembley Stadium / July 1986"
"4ie9a7aQFIUFnOOTeZxtLc","Rush","YYZ - Rio Live"
"28NxAt7ByzjZB7tZE1DlIe","Rush","BU2B - Live In Cleveland"
"3tcaltthSz9s6awB6koVRo","Led Zeppelin","Good Times Bad Times - Remaster"
"456jV1ws5BS2m5v2qwwRpo","Queen","Drum And Tympani Solo - Live At The Montreal Forum / November 1981"
"2bM5vad6jebdtk9yyawsl3","Rush","The Spirit of Radio - Live in Cleveland"
"0WLulekxiDsLSjnXrTg2qY","Rush","Between The Wheels - Live R40 Tour"
"73gUAvDlyfFvzCXqQ3FB4M","Rush","Marathon - Live in Cleveland"
"0H37bHLTLfckeMIj75sCW3","Rush","Summertime Blues - R30 Live Version"
"3qoRpG240NppQ14EM8XUDs","Rush","New World Man - Rio Live"
"3Dheqt3QdES7JNJF1cfhxI","Queen","Now I'm Here - Remastered 2011"
"0cDmmh2mYm3pQUKIV96dNa","Rush","Distant Early Warning - Rio Live"
"4nUzLcZnf9KTgFBF4OHmjp","Rush","Circumstances - Snakes & Arrows Live Version"
"4cH6pBrixn9obYACND9lrb","Rush","What You're Doing / Working Man - Medley / Live R40 Tour"
"2FfX5MDUYVkg4MkvrB5eev","Queen","Killer Queen - Remastered 2011"
"5QTxFnGygVM4jFQiBovmRo","Blue Öyster Cult","(Don't Fear) The Reaper"
"2LJnqa6OFoKrMdx84CYfGh","Rush","You Bet Your Life - 2004 Remaster"
"7fCntOTBEH6rshHhWX7hKG","Rush","Bravado - 2004 Remaster"
"52Lz3HKBItvMWuSNDBixq3","Yes","It Can Happen"
"0QtJZpyfZF67QF32p41NXa","Queen","Thank God It's Christmas"
"4vu1iqqYGffP8uBI56PKb3","Rush","Subdivisions - Live in Cleveland"
"5w9Qa9q4LVRePdKZ1SrrxK","Queen","I'm In Love With My Car - Live At The Montreal Forum / November 1981"
"0hLnmbp7esuygjxzHF87yz","Queen","Who Wants to Live Forever - Live At Wembley Stadium / July 1986"
"2Kb2SkJDPcxHeTb0IYoGov","Queen","Crazy Little Thing Called Love - Live At Wembley Stadium / July 1986"
"4RkoM85FKnG3UranRq5N9p","Rush","Tom Sawyer - Snakes & Arrows Live Version"
"3uc8BAdTs0hc4xrTPALWJA","Rush","The Wreckers (with Clockwork Angels String Ensemble) [Live on Clockwork Angels Tour]"
"1WU5igo1wGUyZhH55UqWi2","Rush","The Analog Kid (Live on Clockwork Angels Tour)"
"2M1LjRepPscLiUM4hydR7B","Rush","Tom Sawyer - R30 Live Version"
"3hP3teMu3JstJuXNUBq687","Rush","Where's My Thing? / Here It Is! (Drum Solo) [Live on Clockwork Angels Tour]"
"3OYsVAtg2j28YkfchSUfwv","Queen","We Will Rock You - Remastered 2011"
"3qSlbAE7VfK1AVyxfoHNJZ","Yes","Leave It"
"5XCH8LFZNKcCaZINJNxvN2","Rush","The Garden (with Clockwork Angels String Ensemble) [Live on Clockwork Angels Tour]"
"5EEuv5upMD3atlb8lfABIZ","Rush","Carnies (with Clockwork Angels String Ensemble) [Live on Clockwork Angels Tour]"
"0CQddjWDflPd0dOqqVkJ2H","Queen","Fat Bottomed Girls - Remastered 2011"
"2dt7SFawiOvxi2Fxr7oy0O","Rush","Big Wheel - 2004 Remaster"
"32JalB9nX8b898JXlCDkHf","Rush","Between the Wheels - R30 Live Version"
"0jIv9DFcPGsufD5VzQUjCd","Rush","Distant Early Warning - Live - Grace Under Pressure Tour"
"6eKPSagnVU7gygR8Dm132W","Yes","Changes"
"5O2RLTMtltPJw1mrDPrCPh","Queen","A Kind of Magic - Live At Wembley Stadium / July 1986"
"6clsmQJYrDXCFRJQElCKmN","Queen","These Are The Days Of Our Lives"
"6N0xSFn1tbEwIgk0WQ8RB8","Rush","The Wreckers - Live R40 Tour"
"0byXuuWqANcCoQgJjGKUCg","Rush","The Spirit Of Radio - Live R40 Tour"
"1MKMMux7dQp4TW3xWO0wxu","Queen","Under Pressure - Rah Mix"
"02aF3npr51MbXFKvailv0m","Rush","Heart Full of Soul - R30 Live Version"
"1PGaVuZUvPUZnviBxzPCCk","Rush","The Seeker - R30 Live Version"
"3nsUVlntPIksDvhHdZZhiu","Led Zeppelin","Black Dog - Remaster"
"1P83JLGQz1XXCJ5hTMGRMY","Brian May","Driven By You"
"5fMMakgV5fOEn8Q0cchxR8","Rush","Secret Touch - Rio Live"
"6gQOsok1o9YY6vU1W5ZzWX","Led Zeppelin","The Song Remains the Same - Remaster"
"3zlqUfkfxhOANh4UEANx5N","Queen","Impromptu - Live At Wembley Stadium / July 1986"
"7uBnSdqm07uMBrp7nBmMu9","Led Zeppelin","In the Evening - Remaster"
"5u99eyhU43QoLeXXG6caoL","Queen","Seven Seas Of Rhye - Remastered 2011"
"30PvTO9EWpi9t9jWdueP7S","Rush","Totem - 2004 Remaster"
"38dVy7da0IzUySkVh3W8sg","Rush","The Spirit of Radio - Snakes & Arrows Live Version"
"0GTK6TesV108Jj5D3MHsYb","Yes","Owner of a Lonely Heart"
"1opdpazdsiE6wC5rf3m8PT","Rush","The Big Money - Rio Live"
"24RHOdxEB3yOwVvoG3wdd7","Rush","Limbo - 2004 Remaster"
"4XQauyCbA5otoZ4Jp11u8a","Rush","The Camera Eye - Live in Cleveland"
"251aFD82kJ2eCfvozNQB6b","Queen","Somebody To Love - Remastered 2011"
"35laqbxlOvmqXAHKl0Ur85","Queen","Hello Mary Lou (Goodbye Heart) - Live At Wembley Stadium / July 1986"
"43VpPL4lOvPdSxAOEGECgW","Queen","Get Down, Make Love - Live At The Montreal Forum / November 1981"
"6whwADq73Zqp7tE7HCRzvZ","Queen","Hammer To Fall - Remastered 2011"
"1cZFtBtAcLi6usrglYEFZA","Rush","Stick It Out - Live in Cleveland"
"6rH0YAuAvw84F3ulahV10F","Rush","Tom Sawyer - Rio Live"
"3hwRLIop9mHDDhKF4IIdx0","Led Zeppelin","Since I've Been Loving You - Live: O2 Arena, London - December 10, 2007"
"2apNX5SVowUYNTAHgi4WIf","Queen","Another One Bites The Dust - Live At The Montreal Forum / November 1981"
"7yyMf1tNKe9y46dNBN2QXb","Queen","Guitar Solo - Live At The Montreal Forum / November 1981"
"0rbTDlQmG5lAtZrdsFl36w","Rush","Closer To The Heart - Live - Grace Under Pressure Tour"
"1xTP0PQF7uGFOq9YVCAyvH","Queen","Tear It Up - Live At Wembley Stadium / July 1986"
"3KCT8vm2H2OEUeS99ID6W1","Led Zeppelin","Stairway to Heaven - Live: O2 Arena, London - December 10, 2007"
"3a51woc7AaIDJbjKa9Egmi","Queen","We Are The Champions - Live At The Montreal Forum / November 1981"
"7g6hAuTCUIyC60CDVqIcY2","Queen","A Kind Of Magic - Remastered 2011"
"6ccKlJPi79MInHPAcCioj5","Rush","Red Barchetta - R30 Live Version"
"5iR2mMuvTlUDbWM0fEMfEJ","Rush","Everyday Glory - 2004 Remaster"
"60s19t9XMIhOAA84rQDMyU","Queen","Flash - Remastered 2011"
"2lRrd4xhgLELY2OwqiLYrp","Rush","Carve Away the Stone - 2004 Remaster"
"6mkBbzyfK0EpywDk17taBg","Led Zeppelin","Trampled Under Foot - Remaster"
"1wxYi0Qdu2sYR8EzlOaNJk","Rush","Tom Sawyer - Live R40 Tour"
"75g9BechGfdA2N6XumCq0b","Rush","Vital Signs - Live - Grace Under Pressure Tour"
"0eBz7JoRfFF8rFBmqe7gEr","Rush","Xanadu - R30 Live Version"
"0BKSmrw4dVFlUm1B5sFDqZ","Queen","Radio Ga Ga - Remastered 2011"
"3r9B2UasogxeNIu1ketFNl","Led Zeppelin","Trampled Under Foot - Live: O2 Arena, London - December 10, 2007"
"0ducHx1R45CnEloZ6tUVuC","Led Zeppelin","Babe I'm Gonna Leave You - Remaster"
"3p3nNDE41UhOYPxslfc8TM","Rush","Driven - Rio Live"
"1r7vq4DirmrHDi3tweUFOS","Rush","Subdivisions - Snakes & Arrows Live Version"
"0zgQIBVayv8B4Zmql9xqpn","Queen","Dragon Attack - Live At The Montreal Forum / November 1981"
"0U49xOQCWh6zDWcu5r8Why","Queen","Bohemian Rhapsody - Live At The Montreal Forum / November 1981"
"3rsavopPmGn20ud8fqewRX","Queen","Another One Bites the Dust - Live At Wembley Stadium / July 1986"
"7iyUkghNc3d8SKJj2E080k","Rush","Entre Nous - Snakes & Arrows Live Version"
"4P5oPoOIzQFCBb4tEFLvUM","Rush","Time and Motion - 2004 Remaster"
"14zuvr5vGgHCcGY6dc0gZQ","Queen","The Invisible Man - Remastered 2011"
"5izpFI3W7yxhNN66RzLrlk","Rush","Middletown Dreams (Live on Clockwork Angels Tour)"
"4X8eGdQQC4twIYkjA613aU","Rush","Lakeside Park / Anthem - Medley / Live R40 Tour"
"0KskzfT5jSZt7rfWWwjdHV","Queen","Jailhouse Rock - Live At The Montreal Forum / November 1981"
"3Szho175dsJo76urI0OxEO","Rush","Nobody's Hero - 2004 Remaster"
"4Vxpz1KzQZSTx1KbFf3qa9","Rush","Closer To The Heart - Live R40 Tour"
"1dYUEwOjIouVUBTgEtNsHQ","Rush","By-Tor and the Snowdog - Rio Live"
"21uRilkrWNXS0fkIZg5P0Q","Queen","Gimme Some Lovin' - Live At Wembley Stadium / July 1986"
"41V50mCQUR8JJmbZ66Mnv5","Led Zeppelin","The Song Remains the Same - Live: O2 Arena, London - December 10, 2007"
"41BwRC6nMwRsJddPyEkzqS","Queen","Friends Will Be Friends - Live At Wembley Stadium / July 1986"
"6dQJyG59HaUqUTbVMqTwFu","Yes","It's Over - Previously Unissued"
"1x1ENkGjxgRG3nmfEnS2XJ","Yes","Roundabout - Early Rough Mix"
"13Wv5Sx8gm5fEkFSIauM5o","Led Zeppelin","Misty Mountain Hop - Live: O2 Arena, London - December 10, 2007"
"3BaUkl5IsTkfq4uBcA67ME","Rush","A Passage to Bangkok - Snakes & Arrows Live Version"
"6LEBH45mfp7GOsCWT317Fj","Rush","Resist - Acoustic; Rio Live"
"61p7OkY6r9uwHJcqZW5utf","Led Zeppelin","Whole Lotta Love - Live: O2 Arena, London - December 10, 2007"
"1nwVFXNK9f0zKU7rVdBswV","Queen","Big Spender - Live At Wembley Stadium / July 1986"
"3ltoNmGzaum4qYjfCmG1HP","Rush","The Big Money (Live on Clockwork Angels Tour)"
"7hMmycPXkJqOBFM7tUf6tg","Rush","Earthshine - R30 Live Version"
"7ofV2J7Ndzo2s5NBEgfpxl","Queen","The Show Must Go On - Remastered 2011"
"1Eh0FDAab5TnUdsBquNGRp","Rush","The Pass - Rio Live"
"29dJnE5x06Nxgt9MCBXm3O","Rush","Red Sector A - Rio Live"
"6hthC1LQSXGk6KJa9Q06Tu","Queen","It's A Hard Life - Remastered 2011"
"3RVaJJ8hVkbFNfGwnoR7CX","Rush","Distant Early Warning - Snakes & Arrows Live Version"
"3JFelI2nxxYJWiW7tymHrG","Rush","Animate - Live R40 Tour"
"17hEInF7YeiwSeCv8j1AOK","Rush","Time Stand Still - Live in Cleveland"
"4syPlsQHh78fTKEIEzzSAc","Yes","Cans and Brahms - 2003 Remaster"
"1uBMgVAUYLnzVL5uQT88FP","Led Zeppelin","Whole Lotta Love - Remaster"
"4rGARUpl294ILkRg1Ati1N","Rush","Neurotica - 2004 Remaster"
"3DuBPMUKNtdrFUt5Yu9Yqg","Queen","Crazy Little Thing Called Love - Remastered 2011"
"7nxmJPzgJZIG2dGBEV0U0G","Yes","Mood for a Day - 2003 Remaster"
"7HQrFPtLEpgTJaEVujH8OO","Led Zeppelin","Rock and Roll - Remaster"
"3DSkrxetK6Xigh53HhzZiY","Led Zeppelin","Rock and Roll - Live: O2 Arena, London - December 10, 2007"
"6Z1RlXjgnV8SO64mSeYACT","Rush","Red Sector ""A"" - Live - Grace Under Pressure Tour"
"1mKmlYB7ZCJliS88OifG7U","Rush","Leave That Thing Alone - Rio Live"
"4oRl8T1PhRJZfrz11kJvgA","Queen","Princes Of The Universe"
"27HOSaR2syy2piTJgIrW43","Rush","Moto Perpetuo - Live in Cleveland"
"5UdShl12E6eHEgS8lQ1bPr","Led Zeppelin","All My Love - Remaster"
"5BRWZIggJTlMdfOifHNLRr","Yes","City of Love"
"7rGrEoNDOgAN6ImsWCNYvv","Rush","Natural Science - Live R40 Tour"
"5SuIql82girz2lw2iv8eg0","Rush","YYZ - Live in Cleveland"
"7tldZGcbFCySZsV8B1ZP1T","Rush","Dreamline (with Clockwork Angels String Ensemble) [Live on Clockwork Angels Tour]"
"4MNmv4jgzzCxLE0fIKfy6A","Rush","Red Barchetta - Live R40 Tour"
"61FHPHXfnA0SG9sGjkrHNo","Queen","Another One Bites The Dust - Remix"
"1DHBNGZni4YRJVxtoFcmcx","Rush","Between Sun and Moon - Rio Live"
"5cPpn5y3ar41GGd971CFEd","Rush","Presto - Live in Cleveland"
"6P8s3ko5YbbbCxFIjxvswG","Queen","Flash - Live At The Montreal Forum / November 1981"
"4Mrc8EcUSJv6bblFGxJHsf","Rush","YYZ - Live R40 Tour"
"1fwVZHgHCn0C8PqTQ2WPBh","Queen","Crazy Little Thing Called Love - Live At The Montreal Forum / November 1981"
"03ya6uxy3Ow4qQPZCPr4YY","Rush","Working Man - R30 Live Version"
"2Mxz1M9kjC1d0BrJGEdZUe","Queen","Play The Game - Live At The Montreal Forum / November 1981"
"05RqKOlJA6jcXy2oBf6Pt0","Rush","Far Cry - Snakes & Arrows Live Version"
"4VKAoFw5bk4f3IpXdzy7Vh","Queen","Heaven For Everyone"
"3jAeWEJMVGa7dhEGI5Lw8o","Rush","Dreamline - R30 Live Version"
"1W8IoSJD4rWC53OPiUltbv","Rush","Wish Them Well (with Clockwork Angels String Ensemble) [Live on Clockwork Angels Tour]"
"6fdFJHwUuJqpKDYI1RyIZR","Rush","Between the Wheels - Snakes & Arrows Live Version"
"5iNr7y6iWNkwVvVeOXSLT5","Led Zeppelin","D'yer Mak'er - Remaster"
"2mbk9uIlbFUEeYof7I361V","Queen","We Are The Champions - Remastered 2011"
"5yrq34HREwMKi0UekzUmFh","Queen","Intro - Live At The Montreal Forum / November 1981"
"6a0bGgN3heaoN211kvpCEz","Queen","Too Much Love Will Kill You"
"2Bv7w9O6JsNmCstAXxurNi","Rush","Red Lenses"
"1kOfZShwvYeN4b4UocSGMm","Led Zeppelin","Ramble On - Live: O2 Arena, London - December 10, 2007"
"5FYslb39kAXnPmxSsJyzC5","Queen","Bicycle Race - Remastered 2011"
"5XFJr7XQL7a40jPp5Pgw0E","Rush","Medley: YYZ / Temples Of Syrinx / Tom Sawyer - Live - Grace Under Pressure Tour"
"4OtN2WCLiCyGPYnx0AErYC","Rush","The Pass (Live on Clockwork Angels Tour)"
"5eY0U7Xoyszegss3OQ0DLr","Led Zeppelin","No Quarter - Live: O2 Arena, London - December 10, 2007"
"4TZCHc0e08MARzh9dXHOcI","Rush","How It Is - Live R40 Tour"
"5DTUqcBGkZINgFXBCu9DmF","Rush","Natural Science - Snakes & Arrows Live Version"
"1hM2HXmeYuEe1VTf0O1IFU","Rush","Dreamline - 2004 Remaster"
"15pUq5xfLfD7NvTGt6NKGM","Rush","Grand Designs (Live on Clockwork Angels Tour)"
"1DpppbKBTc83vX2sb3k3tc","Rush","Resist - 2004 Remaster"
"23u8mHdw83yv0gVM0myLGy","Rush","Earthshine - Rio Live"
"0obmWHfI9tFZzWwFFbVatm","Rush","One Little Victory - Rio Live"
"3g8OM1tEhwNQqsXDHhVbQQ","Queen","Somebody To Love - Live At The Freddie Mercury Tribute Concert For AIDS Awareness, Wembley / 1992"
"04vwMzdNuzc3sK3mEp0fKU","Rush","Clockwork Angels - Live R40 Tour"
"5LAR2sW7fNWoSOci6i25Bv","Led Zeppelin","Dazed and Confused - Live: O2 Arena, London - December 10, 2007"
"5vfoqFiW6wXwhwa7r523Iq","Yes","Long Distance Runaround - 2003 Remaster"
"01PacJaIe9pbYiQErvjKy2","Queen","Now I'm Here (Reprise) - Live At The Montreal Forum / November 1981"
"1dt3NjEjaMmsBkQ9gkPztQ","Rush","Caravan - Live in Cleveland"
"4usCLaZPkOxZUwcbtfKivq","Led Zeppelin","In My Time of Dying - Live: O2 Arena, London - December 10, 2007"
"1ehPqWM0jyWgJ3XIVnpvhW","Queen","Save Me - Live At The Montreal Forum / November 1981"
"2vWbHUxdW0mBFlWo424VNe","Queen","Sheer Heart Attack - Live At The Montreal Forum / November 1981"
"4PhVskrP2ZSGsWqYaaw7nu","Queen","Good Old-Fashioned Lover Boy - Remastered 2011"
"1dpX5meBjFvqCv63x5nLnA","Rush","Manhattan Project (with Clockwork Angels String Ensemble) [Live on Clockwork Angels Tour]"
"6LtBf6uwTxRemQnqgunTT9","Queen","Under Pressure - Live At Wembley Stadium / July 1986"
"7d51ce6zw3gSU3noX90ZcZ","Yes","Make It Easy"
"3zjDIbQ3lLWXekq1PBVYM9","Black Sabbath","Dear Father"
"44PaDNMTS2TFJHklfZFV36","Queen","Now I'm Here - Live At The Montreal Forum / November 1981"
"0pw0DzEmkAvDvZnmdzamt0","Rush","Limelight (Live on Clockwork Angels Tour)"
"12wlYeErSUNGg1B5d64077","Led Zeppelin","Stairway to Heaven - Remaster"
"28B9zhnYahGlDEWrOtydV8","Rush","Freewill - Snakes & Arrows Live Version"
"6r862ZdyJEHbiZsBOd186U","Queen","No One But You (Only The Good Die Young)"
"5opmZXevhxRp0PJQkSpibl","Rush","The Main Monkey Business - Live R40 Tour"
"6YwXNlt6nc2uErTLT2xWzV","Queen","I'm Going Slightly Mad - Remastered 2011"
"2vwohQHIsvkvWqqnRFsKaZ","Rush","Red Barchetta - Live in Cleveland"
"0jfghgthZEGJABrd8GJ1Tb","Rush","Red Sector A (with Clockwork Angels String Ensemble) [Live on Clockwork Angels Tour]"
"1HIdpzyjRoAABk6B6YLNBO","Rush","The Spirit of Radio (Live on Clockwork Angels Tour)"
"06NaQEFudMOluSNd1xSGBe","Yes","It Can Happen - Cinema Version"
"2uuMXKKmdXrY2XxsqTsGp0","Led Zeppelin","Immigrant Song - Remaster"
"0xfKUuwKtz082u9vVo7OJ4","Rush","Headlong Flight - Live R40 Tour"
"7yXI9x0EGCBBTTz35DBJEo","Queen","Love of My Life - Live At Wembley Stadium / July 1986"
"3bCvAuIFVHsJuhZdoSBAPf","Rush","YYZ - Snakes & Arrows Live Version"
"2OBofMJx94NryV2SK8p8Zf","Queen","Bohemian Rhapsody - Remastered 2011"
"3ocG2fl2eqWBCqIkAKXgRl","Rush","Closer to the Heart - Rio Live"
"2w4etd9ghamWZUqpk1uINX","Queen","Somebody To Love - Live At The Montreal Forum / November 1981"
"5rBxHKgtzeE76vkWM1YxqW","Rush","Roll The Bones - Live R40 Tour"
"6BEoEEmUhUEhHz8peI2keD","Rush","Animate - R30 Live Version"
"0PQdxnf0ddYp6lnHB81db8","Rush","Headlong Flight (with Clockwork Angels String Ensemble) / Drumbastica [Drum Solo] [Live on Clockwork Angels Tour]"
"1ln6CwbRGcD4ppJis3Mm1I","Rush","The Spirit of Radio - R30 Live Version"
"2PhQcyLEJ4INST9RPWCbSz","Rush","Cygnus X-1 - Rio Live"
"39etSYnspBYBZ8CvQ3VAlg","Rush","Witch Hunt - Snakes & Arrows Live Version"
"1RIsAtnYOlo8zGMycNFioq","Led Zeppelin","Dazed and Confused - Remaster"
"0ssM0AZdWKEEaqPTHzwYWl","Black Sabbath","Dirty Women - Live in Australia / 2013"
"1sv7ojDcUtaYTPbR5CrSwc","Rush","Free Will - Rio Live"
"2XbcujvemK0hGh0Ob4HAXQ","Queen","Bohemian Rhapsody - Live At Wembley Stadium / July 1986"
"3gRLAyaC8IroioDP04IVaG","Queen","One Vision - Remastered 2011"
"7HIxje7YI8IRqMS8HsEYOg","Yes","Hold On"
"1D2yIz0XsFyodVloeQdZxe","Rush","New World Man - Live - Grace Under Pressure Tour"
"0LPMWPwCHrIorXSdpnPVyv","Queen","Don't Stop Me Now - Remastered 2011"
"3LEfHb5pDAbSghrVY8bOpK","Rush","One Little Victory - Live R40 Tour"
"1WNsUrbjzUoe4cvBj7vMis","Rush","Leave That Thing Alone - Live in Cleveland"
"27bOd02YxaLfFx76FRXzpg","Rush","Subdivisions - Live R40 Tour"
"2bXqPHRwNHyupGGoQ2FCiH","Rush","YYZ (with Clockwork Angels String Ensemble) [Live on Clockwork Angels Tour]"
"7eLZUPjz99wyOQcOFL4wPL","Yes","Leave It - A Capella"
"5geV4ZJrvcQtbKIixrnwB6","Yes","Five per Cent for Nothing - 2003 Remaster"
"5wantZ7vTlWnLb31icQEIY","Rush","Armor and Sword - Snakes & Arrows Live Version"
"5jMwDeHlnbG3xgTXrZHwCK","Rush","Far Cry - Live in Cleveland"
"3QbnMRadaXqmlghaglLAit","Black Sabbath","End Of The Beginning"
"2C6qF7xPEDxFDM90wAmK0N","Rush","Bravado - Live"
"3I28TfbHcWVhCKxmCIhs9F","Black Sabbath","Peace Of Mind"
"4EuUgf9sogWvVSJxFJa5Y1","Freddie Mercury","The Great Pretender"
"3yCG23QJn2BFows93kCwwb","Rush","Medley: Finding My Way / In The Mood - Live - Grace Under Pressure Tour"
"7appAENhuEWDcVtFAzxF3m","Rush","Far Cry - Live R40 Tour"
"4PnXLrmANSl7fqz3Oc9BLZ","Queen","Under Pressure - Live At The Montreal Forum / November 1981"
"6KKR1qHVtQ4JeNGrweW13d","Rush","La Villa Strangiato - Live in Cleveland"
"2DCWuwkwUM9aEVTO0wrT5b","Rush","Caravan (with Clockwork Angels String Ensemble) [Live on Clockwork Angels Tour]"
"0Gnx4WTUEUxA6WBETrp3yJ","Black Sabbath","Methademic"
"30qECTW7Q2KLmdQ1bPGf7S","Rush","2112 - Live R40 Tour"
"5LoEFpFcFXm6JMQIT9DOK1","Queen","Is This the World We Created? - Live At Wembley Stadium / July 1986"
"3ic2qPIZNSoWB2VoEyrKf7","Rush","Limelight - R30 Live Version"
"4jtV8U4336xaMtS5fc9KhK","Queen","Let Me Live"
"6VVmDxxFYhIjB4lFy9nIBT","Rush","Witch Hunt - Live in Cleveland"
"2mKftEldLgJ5VGOmwMdxGL","Queen","Hammer to Fall - Live At Wembley Stadium / July 1986"
"4MhmAPkqKZT7xXfD9pOJ2V","Rush","2112 Overture / The Temples of Syrinx - Live in Cleveland"
"5lHlPa1RZXElMkqnGs3Kp6","Led Zeppelin","Nobody's Fault but Mine - Live: O2 Arena, London - December 10, 2007"
"6nOh3lcgBKPBKEhCDUyfsj","Rush","O Baterista - Rio Live"
"6u5hqhR0SXezCXPWdE9fGO","Rush","Losing It - Live R40 Tour"
"5bfOSF1W6pwpnTFBxxhger","Rush","The Seeker"
"6G6q9CheMuxElgFlhlmuoK","Queen","Keep Yourself Alive - Live At The Montreal Forum / November 1981"
"0BfFxZfRGcf6FOCpZ75tr0","Black Sabbath","Age Of Reason"
"6waXFDVC58SypD8lwdRSt7","Rush","Clockwork Angels (with Clockwork Angels String Ensemble) [Live on Clockwork Angels Tour]"
"4Jnhl8sVVMYyrTMEcvCnhU","Rush","Hope - Snakes & Arrows Live Version"
"57AmtAnsXC1FWGFa0PpbC1","Rush","The Anarchist (with Clockwork Angels String Ensemble) [Live on Clockwork Angels Tour]"
"3SwdcJRPH4kjjmzUatIYeN","Queen","Let Me Entertain You - Live At The Montreal Forum / November 1981"
"4wCMKxkE3eMOTtlAx0NFEM","Led Zeppelin","Achilles Last Stand - Remaster"
"65oXAEPde2ARDKkg9A13gZ","Yes","Owner of a Lonely Heart - Extended Remix"
"6ezVZ1BT2caoc10Y1ReWKr","Rush","Driven - 2004 Remaster"
"3Q115JCWys82tPjJjuxocz","Rush","2112 - Rio Live"
"79muBjOf7N6akgrEJuik6R","Black Sabbath","Pariah"
"46xRV0s4voxrYJ59emLzB6","Rush","Stick It Out - 2004 Remaster"
"0IAUgBaT8QFLt1R1TxfK6u","Rush","Alien Shore - 2004 Remaster"
"3jHKueMpbTFJPMlj8tbB9E","Rush","Xanadu - Live R40 Tour"
"5Q0hjqSQBAPg8NWdYOv2QU","Rush","Working Man - Rio Live"
"5L3Vm7NjYqViWge0f8ys2n","Rush","Tom Sawyer (Live on Clockwork Angels Tour)"
"0MJQsPp1gpmQyPvUZUeLkq","Queen","Headlong - Remastered 2011"
"4xPnIniRbg40s1jCD246pc","Queen","Another One Bites The Dust - Remastered 2011"
"5XGggdzWtLwIqFOzVxcVYp","Queen","We Are the Champions - Live At Wembley Stadium / July 1986"
"4PGtzzHJMmp4H3HBpdDUee","Yes","Our Song"
"2EB0yP7NSSdvrUCQnhqUW5","Rush","Faithless - Live in Cleveland"
"54BcazwvRS8abIqivDKipj","Queen","Save Me - Remastered 2011"
"0YveezON7jpiaHA8fnUHxN","Yes","Roundabout - 2003 Remaster"
"4m2777ISaagzK1T38oq1Uf","Rush","Dreamline - Snakes & Arrows Live Version"
"77HQv8DULZBOuLYk09lojh","Queen","In the Lap of the Gods...Revisited - Live, Wembley Stadium, July 1986"
"10cp7U1YadJDXLSkZoogKJ","Rush","Subdivisions (Live on Clockwork Angels Tour)"
"7aiFQguTKXskvXP7WCijXv","Yes","Cinema"
"2MZNVeNIPVFihRld500QL9","Queen","Radio Ga Ga - Live At Wembley Stadium / July 1986"
"1Nm0NUfjWX24m2XcXxDuRV","Queen","We Will Rock You - Live At The Montreal Forum / November 1981"
"5gFmFd4WfrOZHo0Exji2nm","Rush","Der Trommler - R30 Live Version"
"7gC6Rbllqf1yXNC02e5jz2","Yes","Heart of the Sunrise - 2003 Remaster"
"2tUgNKpW5Y3IkH2HXKG85d","Queen","Innuendo - Remastered 2011"
"3SkVjR48e1AwxXKMajc6ox","Rush","Witch Hunt - Live - Grace Under Pressure Tour"
"1g1zVU5khkk3s8o5bNrShI","Queen","Now I'm Here - Live At Wembley Stadium / July 1986"
"5v2vkoTamoisazJFanHJjk","Led Zeppelin","Kashmir - Remaster"
"5NpLjebPN2sTg5TYT3jEqq","Queen","You're My Best Friend - Remastered 2011"
"42vBBxG1qtk9LWJ6NuxSIP","Rush","Free Will - Live in Cleveland"
"0Da5NUD5HtnPdswApLWUNk","Queen","We Will Rock You (Fast) - Live At The Montreal Forum / November 1981"
"6KPulAqVTsjT18PKSGNZv6","Rush","The Temples Of Syrinx - Live"
"6MQZp4QUq7ol1SAIc1lPmm","Rush","Cygnus X-1 / The Story So Far - Medley / Drum Solo / Live R40 Tour"
"10iKEWrT8lrg7URH6p9u9R","Rush","One Little Victory - Snakes & Arrows Live Version"
"3WbmVDvQqAX9bvGc2Sl53N","Rush","Far Cry"
"1TApsVd0AiS3ziHO4DWCJM","Rush","2112 - R30 Live Version"
"2Gl04k4pFSOHLU0a2gOW35","Rush","The Way the Wind Blows - Snakes & Arrows Live Version"
"3sHbfbXXWH0vxxzbeuqUtS","Rush","Mystic Rhythms - R30 Live Version"
"0E70jrvuv9CkmjiQ2bcZLJ","Rush","Summertime Blues"
"1Bey85529sRbLZHMLsrhAd","Yes","South Side of the Sky - 2003 Remaster"
"3ronh5Cy97JcW4X2Axbc3e","Rush","Vital Signs - Live in Cleveland"
"11QhEeBAaECrOByMXCC05S","Yes","Leave It - Single Remix"
"3S85xBIZaDQG12CmwiOtrn","Queen","God Save The Queen - Live At The Montreal Forum / November 1981"
"2mvG3Bypm8REk3Nk4tbOO1","Rush","The Weapon - Live - Grace Under Pressure Tour"
"5z3U8bTuXdeRpP1tvpvzmZ","Rush","Digital Man - Snakes & Arrows Live Version"
"6CWNVxMkJrunDd9Ga3scC4","Rush","Force Ten - R30 Live Version"
"2WftJgkBWBuP2KiRwrCZc8","Rush","Tom Sawyer - Live in Cleveland"
"5wi98GNrsv7LsOWOOji0Wt","Rush","Cut to the Chase - 2004 Remaster"
"1DFY0s3VpHMM016KpXH4Ik","Rush","The Larger Bowl - Snakes & Arrows Live Version"
"3I7a9joX0lJnK9XzE38GnD","Led Zeppelin","Heartbreaker - Remaster"
"5EbDVTTpcEa4RaDe1Jzou8","Queen","Tie Your Mother Down - Live At The Montreal Forum / November 1981"
"2gWMoVFNTZh9ruiKoForBH","Rush","Dreamline - Rio Live"
"5e2QOwClEMTm3M6tGKfupk","Rush","Roll the Bones - Rio Live"
"6T6LZhtUncaYlzHPOnmb4G","Rush","Intro - Grace Under Pressure - Live - Grace Under Pressure Tour"
"5PYxUsYofsHIGEgVPhCbxT","Queen","Brighton Rock Solo - Live At Wembley Stadium / July 1986"
"6avltRfZeoNa2zWipWNIyp","Yes","We Have Heaven - 2003 Remaster"
"3du4jW0U3gnOVZLf8uu8tC","Rush","Seven Cities of Gold (with Clockwork Angels String Ensemble) [Live on Clockwork Angels Tour]"
"2ZLNPZtrNTG8AyHALzJ9Dj","Rush","Workin' Them Angels - Snakes & Arrows Live Version"
"3BGwxsmbbOe2jmZfh5CUAO","Led Zeppelin","When the Levee Breaks - Remaster"
"720aZ5WqTHHDIg2hcKmF9u","Rush","Kid Gloves"
"41ttGajeIrlQXCilpRDLzT","Rush","Trees - Rio Live"
"3QTTAj8piyRBfhoPEfJC6y","Queen","We Will Rock You - Live At Wembley Stadium / July 1986"
"2706XqRo0CVXcokekEq1lK","Rush","Limelight - Snakes & Arrows Live Version"
"63fDE0WiIXFr1temhYkQKQ","Queen","Under Pressure - Remastered 2011"
"5xcqZjb4sBzLbU88eCPtj9","Rush","Workin' Them Angels - Live in Cleveland"
"47PH4lkRc38liWPuXCkCVS","Rush","Limelight - Live in Cleveland"
"5xAWsRDWBaEv0aFsAAqJBD","Led Zeppelin","Black Dog - Live: O2 Arena, London - December 10, 2007"
"6VGX9kEqcMZfAzfETmSn9h","Yes","The Fish (Schindleria Praemeturus) - 2003 Remaster"
"0RgoYqO4DqiLakL7gEX8Pl","Rush","Malignant Narcissism (De Slagwerker) - Snakes & Arrows Live Version"
"2xotP8SjH0db3jDohpUMbN","Rush","Crossroads - R30 Live Version"
"5uORXVBCCN45rbW5LOuurt","Rush","Animate - 2004 Remaster"
"1OGE2P7Cl86gRC3v7OuiU6","Rush","Resist - R30 Live Version"
"54yTYc6V2ByxpXwGAFmv7p","Queen","Las Palabras De Amor (The Words Of Love)"
"2i036ct8bzZJ3tHD4TKz1P","Rush","The Camera Eye - Live R40 Tour"
"3Wunwn44wcWRNB4zb03AvA","Led Zeppelin","Since I've Been Loving You - Remaster"
"2UfLczVD8paSuTUuZadIrd","Rush","Territories (Live on Clockwork Angels Tour)"
"4k4tFDl5rmRAA7L7gIjBTI","Led Zeppelin","Kashmir - Live: O2 Arena, London - December 10, 2007"
"5jleoXgOf41HdLITE0Omu3","Yes","America - 2003 Remaster"
"6Ir4U5SFeIgUUmei82CiBg","Queen","Play The Game - Remastered 2011"
"6LzThgSIwLL7wJptXo0rED","Queen","Killer Queen - Live At The Montreal Forum / November 1981"
"3gUMm5TT1bkt0Vr001ghbf","Queen","The Hero - Live At The Montreal Forum / November 1981"
"5Hh11AVOcg6kz2u0jkBRtE","Queen","Tie Your Mother Down - Live At Wembley Stadium / July 1986"
"6TzYSNfTrfgauZwKITljUU","Rush","Bravado - Rio Live"
"0im1YPeVg1clkfE6HulJkn","Rush","The Body Electric (Live on Clockwork Angels Tour)"
"4GRyEnshYyoShwFtgNRqKa","Queen","The Show Must Go On - Live / Theatre National de Chaillot, Paris / 1997"
"6yeEVDX3LvPWv02rgl0wR1","Rush","Distant Early Warning - Live R40 Tour"
"55ZL7fjGAWfClmpnsK6Xon","Led Zeppelin","No Quarter - Remaster"
"2Ud9G52JczCzQM8P4qJlu5","Queen","Breakthru - Remastered 2011"
"5kxqPQ5Gasw1jXyBDCPDkN","Led Zeppelin","Houses of the Holy - Remaster"
"6irDrtUhdFiX9LA9GArzue","Rush","Roll the Bones - R30 Live Version"
"2Azr7JIEFYxaV5kp2RJ5lE","Rush","Cold Fire - 2004 Remaster"
"74IbfPi8ahQyDTVRqdbwmk","Rush","Limelight - Rio Live"
"4Tkj9RvmubJDFw9NzJInW2","Rush","La Villa Strangiato - Rio Live"
"6Zg8T6yQ2Q0QJuu2UQHd4Q","Rush","Secret Touch - Snakes & Arrows Live Version"
"1qh1S0qyGMTcOQsPmSYgyP","Queen","(You're So Square) Baby I Don't Care - Live At Wembley Stadium / July 1986"
"4hqliXYEbEm9dX6LiwtTKm","Queen","God Save the Queen - Live At Wembley Stadium / July 1986"
"6kZsLcq0dKjKvFWOyY5gzt","Rush","Ghost of a Chance - 2004 Remaster"
"5qItIJ3clfXYXPF8D9h0AQ","Rush","Ghost Rider - Rio Live"
"4aYH6oBZp2gUWTOWyHlHGp","Rush","R30 Overture (Finding My Way, Bastille Day, Anthem, a Passage to Bangkok, Cygnus X1, Hemispheres)"
"5K2f668Ts9AHQmYIWc8H5Y","Queen","I Want to Break Free - Live At Wembley Stadium / July 1986"
"4FNT8FWdyUHykWXy7KSMa4","Freddie Mercury","Living on My Own - Julian Raymond Album Mix"
"3skk6UIXV4kepq2bdYy97g","Yes","I've Seen All Good People: a. Your Move, b. All Good People - 2003 Remaster"
"2c9iksQX3X0cBLNh0KIPz4","Rush","Subdivisions - R30 Live Version"
"2JOWE9Zqj4ew4AFQ7hUujs","Freddie Mercury","Barcelona"
"5RJizstczPZMmGryJVDYWO","Led Zeppelin","For Your Life - Live: O2 Arena, London - December 10, 2007"
"35XlkvHy9WHPI4Tf9eax4t","Led Zeppelin","Over the Hills and Far Away - Remaster"
"3e2FliMjOoN3WVe1FOjq4f","Queen","Seven Seas of Rhye - Live At Wembley Stadium / July 1986"
"3SGP8It5WDnCONyApJKRTJ","Queen","Who Wants To Live Forever - Remastered 2011"
"6IcJTwJ1YuwFefF6FqOjDG","Queen","Tutti Frutti - Live At Wembley Stadium / July 1986"
"1LzsE0oRYdX3ibIzdztXhN","Rush","2112 - Live"
"2huPrhpbAW7MmfEgRu6oDV","Queen","I Want It All - Remastered 2011"
"2jA8eqIFNELooS80i9Qxpn","Rush","Mission - Snakes & Arrows Live Version"
"7wGaViRu4g24CDqUcnJrGp","Led Zeppelin","Good Times Bad Times - Live: O2 Arena, London - December 10, 2007"
"6uCZCIiQRt62b6VVpE8bEB","Rush","Force Ten (Live on Clockwork Angels Tour)"
"4mLbifiule87a2oLrvwLVu","Queen","I Want To Break Free - Remastered 2011"
"5hMjg3wo1hcRU54heE13Iv","Yes","Hearts"
"2LM14igUVmI9SV0w0ikOOI","Rush","The Anarchist - Live R40 Tour"
"3MfS6EixnNddUaOReff2aI","Rush","Lakeside Park - Live"
"6VU8d2TR0vwuiJZafGE5ro","Rush","Natural Science - Rio Live"
"4cNbyAcAo6UtMussyOOJUa","Rush","Vital Signs - Rio Live"
"4KF1kzyeyPrgafyVm2UgQg","Led Zeppelin","Nobody's Fault but Mine - Remaster"
"3frkRLXM4ueVHWCj300k2U","Rush","Closer to the Heart - Live in Cleveland"
"2Ms6U4wZLprr8k1t0AmHfp","Rush","The Spirit Of Radio - Live - Grace Under Pressure Tour"
"6DVF7xZCs6153tuM9NeyeG","Queen","You Don't Fool Me"
"27Q7kWMaykvYPR7k13zhcm","Rush","Jacob's Ladder - Live R40 Tour"
"16qgVt7ZsNftbZrZdv7RTd","Rush","The Enemy Within - Live - Grace Under Pressure Tour"
"3Qjm0halGOZZGIS1tNaXlI","Led Zeppelin","Ramble On - Remaster"
"4At2S80mtSsrWNQwF6RjkO","Rush","Spirit of Radio - Rio Live"
"3l3oU8UNfyJMtyKcB0Pk2M","Rush","The Percussor (i. Binary Love Theme / ii. Steambanger's Ball) [Drum Solo] [Live on Clockwork Angels Tour]"
"1PaYF6nLmSPwDLIOG82iRa","Rush","A Passage To Bangkok - Live"
"5g8hoLEPFc8d3neKjvPHYv","Queen","Friends Will Be Friends - Remastered 2011"
"6GXlXAfXR7C6u1VjR3VMsm","Led Zeppelin","Communication Breakdown - Remaster"
"3vCHmbyOgc6pgwLUWfU4pF","Queen","Somebody To Love - Remastered 2011"
"1luVGXHe7oimtkPScdsKBe","Queen","Love Of My Life - Remastered 2011"
"1pBFEy8cz0Fq4Pru0c4awd","Queen","Save Me - Remastered 2011"
"1chxAv59LZcOE5FyrlUze2","Queen","You Don't Fool Me - Remastered 2011"
"1Z7bb5kCneFw3kAXVpYfUe","Queen","No One But You (Only The Good Die Young) - Remastered 2011"
"7ksIO530pyjuT7MLJy3F8O","Queen","All Dead, All Dead - Remastered 2011"
"65NTcXUtOb27NHKQ4fAcw0","Queen","'39 - Remastered 2011"
"0ZYf6N5eBeXStMri0mf3DZ","'Til Tuesday","Voices Carry"
"6ZCkhQPdBtUzZPkkO1o9cx","'Til Tuesday","Coming Up Close"
"48JM82SHQTBYkhEYhMaOaa","The Beatles","She Loves You - Remastered 2009"
"0aym2LBJBk9DAYuHHutrIl","The Beatles","Hey Jude - Remastered 2015"
"5pj6dyHx3qrmag2O9Y1ZG5","Queen","Let Me In Your Heart Again - William Orbit Mix"
"5G7uLHtoEW140QOcBpJlfz","Led Zeppelin","What Is and What Should Never Be - 1990 Remaster"
"40UDRU6xIODKg1NStpayEt","Rush","War Paint - 2004 Remaster"
"0TfPS1dhsUTGISdvXAoPES","Rush","Presto - 2004 Remaster"
"1KcmYwbviRzSCd2aB5LDke","Rush","Red Tide - 2004 Remaster"
"78lgmZwycJ3nzsdgmPPGNx","Led Zeppelin","Immigrant Song - Remaster"
"2nVHqZbOGkKWzlcy1aMbE7","Led Zeppelin","Kashmir - 1990 Remaster"
"4XL5BDScfDdj4QlkStiLzn","Blue <d6>yster Cult","That Was Me"
"2IDIxX8L57lsOczvSMQRFd","Yes","And You and I - 2003 Remaster"
"0nUCaKwNqO5whVAhEX1A1R","Queen","Spread Your Wings - Remastered 2011"
"7psfcbjfnXwYIezHstNa1a","Led Zeppelin","When the Levee Breaks - Remaster"
"5MWfv4F84sJhScYq18yqbN","Led Zeppelin","Dazed and Confused - Remaster"
"2mYpbsbzCM3dqrM2XjgSjh","Led Zeppelin","Nobody's Fault but Mine - 1990 Remaster"
"4S2QZuPFZ9qeHW2sonMJS1","Led Zeppelin","Gallows Pole - Remaster"
"1SDiiE3v2z89VxC3aVRKHQ","Led Zeppelin","Since I've Been Loving You - Remaster"
"16VhHtoaOjTU4AJBNSBNQ1","Led Zeppelin","Hey, Hey, What Can I Do - Remaster"
"4MpIwDaZdFLafMDcAx4k4q","Black Sabbath","Changes"
"0UD2Mxu851XWwT1AkNRNvh","Queen","Killer Queen - Live"
"2KtpzJOCmJa29vBLwDUGHQ","Black Sabbath","Evil Woman"
"70gbuMqwNBE2Y5rkQJE9By","Led Zeppelin","Going to California - Remaster"
"1cdG6PxoGy03y2zppSb8bD","Queen","Now I'm Here - Live"
"3EUJS9hmoZPYCFuUctnfCz","Black Sabbath","Lord of This World - 2014 Remaster"
"3uMmllZo1AfoEnVT4ENCD3","Deep Purple","Highway Star - Remastered 2012"
"2MGcp3IcaE0YcHT8Rkv3Yl","Queen","Sheer Heart Attack - Live"
"2xoM5JX9KbKhiJD3iQssTj","Queen","We Will Rock You - Live"
"1jzDzZWeSDBg5fhNc3tczV","Black Sabbath","Paranoid"
"1Fkob9An4DxnB5AYOKzRBg","Queen","Get Down, Make Love - Live"
"6tLKN3h7VxBpwJ2DqVLT4z","Albert King","Born Under A Bad Sign (with Stevie Ray Vaughan)"
"1AXwQOFlVZ84Ib0O7M4b6h","Roger Taylor","Sunny Day"
"5Nuxdf0f5PpaeaPm4jrhiE","Queen","Breakthru - Remastered 2011"
"1TE5vQsrINuoC2g5EoAR9p","Queen","Doing All Right - BBC Session / February 5th 1973, Langham 1 Studio"
"1K75F5lMyhGFqbM8HwWSpS","Yes","Starship Trooper: a. Life Seeker, b. Disillusion, c. W<fc>rm"
"36CKza28wMxYdjdzji7ine","Bee Gees","I Started A Joke"
"67UYyEvzyi7xt86pyA8o5k","Rush","Cygnus X-1: Book II Hemispheres - The Sphere (A Kind Of Dream) - Live At Pinkpop Festival, Netherlands/1979"
"6dGnYIeXmHdcikdzNNDMm2","The Beatles","Here Comes The Sun - Remastered 2009"
"3BQHpFgAp4l80e1XslIjNI","The Beatles","Yesterday - Remastered 2009"
"05f8Hg3RSfiPSCBQOtxl3i","Led Zeppelin","When the Levee Breaks - Remaster"
"6lrh9jZ1xoMwoErgPSj2rY","Led Zeppelin","All My Love - 1990 Remaster"
"4OMu5a8sFpcRCPCcsoEaov","Led Zeppelin","Babe I'm Gonna Leave You - 1990 Remaster"
"62QInSlXQI11BR9ycVWjd6","Led Zeppelin","I Can't Quit You Baby - 1990 Remaster"
"0pQskrTITgmCMyr85tb9qq","David Bowie","Starman - 2012 Remaster"
"72Z17vmmeQKAg8bptWvpVG","David Bowie","Space Oddity - 2015 Remaster"
"6FRwDxXsvSasw0y2eDArsz","Cream","Sunshine Of Your Love"
"3ET8TZWF5sP4SPfJK1lKun","Cream","Strange Brew"
"7wqF3BU0ykeKch6BcNqGiT","Black Sabbath","Planet Caravan"
"1udmPvJoBnqitbeYKKc9mc","Black Sabbath","Black Sabbath"
"7kriFJLY2KOhw5en9iI2jb","Pink Floyd","Echoes"
"6pnwfWyaWjQiHCKTiZLItr","Pink Floyd","Shine On You Crazy Diamond (Pts. 1-5)"
"21j1PsCiTaO8ZW88UZrh3A","Pink Floyd","Shine On You Crazy Diamond (Pts. 6-9)"
"7JQQAJu6eeo05nkGHh9OIY","The Who","Who Are You - Lost Verse Mix"
"0cJPLFrlV7TTCyPLupHzcH","The Who","Won't Get Fooled Again - Original Album Version"
"60C8zGPTdAAmDshHnMuyfc","The Who","Pinball Wizard"
"4TxOT7mYlkpShICKPVdbvh","Queen","Innuendo - Remastered 2011"
"1vD5AvQg8Mf2Me0McsuUR2","Queen","I'm Going Slightly Mad - Remastered 2011"
"75ENUdaC0r3jdu9YllYQ3y","Queen","Headlong - Remastered 2011"
"0o4ybf9KAlbbmYcvdGLfJY","Queen","These Are The Days Of Our Lives - 2011 Remaster"
"2VG9XGE8poa9PW5H33VOC2","Queen","Bijou - 2011 Remaster"
"7zv5oGRQoJX09QM3pkvI1w","Queen","The Show Must Go On - Remastered 2011"
"78Uj2ZVdsds9yvJfAw1Qcq","Queen","Who Wants To Live Forever - Remastered 2011"
"6oErvA4QzEuUEwqUwn66H6","Queen","The Miracle - Remastered 2011"
"1bhdsJD19oLCxvjPN6TFPi","Queen","Breakthru - Remastered 2011"
"1aBqMBeUvsLpumtXjXfZP9","Queen","The Invisible Man - Remastered 2011"
"4fPj9XjpmMVedKjio3cdbR","Rush","A Passage To Bangkok - Live In The UK / 1980"
"4X4siOXRGAmIos8tJG7uy8","Rush","The Spirit Of Radio - Live In Canada / 1980"
"6kTtpt4ccWlFtgs8e3uQXZ","Rush","Red Barchetta - Live In Canada / 1980"
"2Zgx4TycztITAyfy5QRn3N","Rush","Jacob's Ladder - Live In The UK / 1980"
"3THzmYancb8RVehmqItO6G","Rush","Xanadu - Live In Canada / 1980"
"5QO8pmNfR4kxW5CIcHl5bD","Rush","La Villa Strangiato - Live In Canada / 1980"
"2DF9G5djjtm8GHrBsNWTBk","Rush","Turn The Page - Live In New Orleans/1988"
"3C71cpNNkRkmFqgttqXFZS","Rush","Time Stand Still - Live In Birmingham England/1988"
"23IJ5wLRhEZ9DOuia5mPiZ","The Who","Who Are You"
"4LqOOZcWio12i6NQiVA1Ab","Rush","Closer To The Heart - Live At Pinkpop Festival, Netherlands/1979"
"4QzFXz0zLYh1R7GU8PFNHa","Rush","Chain Lightning - 2004 Remaster"
"4NTMIFWtDXnWN4hDSBlKOf","Queen","Made In Heaven - 2011 Remaster"
"4fQQS590vhRdrjpYUaBcTC","The Who","Bargain - Live"
"7bVuzu6gHpFay5ynWMm60h","The Who","Eminence Front - Live"
"0r6z5bT124M4HrdwgdRFqH","The Who","Baba O'Riley - Live"
"001eBEwI5rclswimfiRsoi","The Who","I Can't Explain - Live"
"5h8VCUC8qNsQV9b9wQECIP","The Who","The Seeker - Live"
"05jh9wPoc6g3NldTrt1nFJ","The Who","My Wife"
"1u5wntFKJGbUjHxqLeEBu8","The Who","Who Are You - Live"
"2NfNAfHQLUQpxjZiyc1CRy","The Who","Won't Get Fooled Again - Young Vic Live Mix"
"38r6W6wV5AcYggQPNV3U4n","The Who","Pictures Of Lily - Live"
"0FtFYWCr6lxRbYIGMXu7pT","The Who","My Generation - Live"
"7EPppGynx9X3ColoGkp8D3","The Who","Behind Blue Eyes - Live"
"6eYzMOx8ysMhxHrGkvS6vM","The Who","Pinball Wizard - Live"
