"artistName","trackName","isPodcast","id"
"<U+6587><U+4FCA><U+8F89>","<U+4E4C><U+9E26>","No","7fTc6aBevhBfM6vjSQuWHZ"
"<U+6587><U+4FCA><U+8F89>","<U+5BC2><U+5BDE><U+53F7><U+767B><U+673A><U+53E3>","No","0fSuP4hMUK1CqDAYV62BHF"
"Black Sabbath","A National Acrobat","No","3hTGrqFnqsYtKKBWQYqUPy"
"Black Sabbath","Black Sabbath","No","6q4yVOTF91QRCukCQ1IzTV"
"Black Sabbath","Changes","No","5QdBAG8cpZhM3kIAQLDRN2"
"Black Sabbath","Children of the Grave","No","7stF5Ow2QS5G4Q0raUi1n6"
"Black Sabbath","Children of the Sea","No","2JPgqQuuOprW8STXRRugMW"
"Black Sabbath","Computer God","No","4ZaEDNUZFE3mJGMeFd9n7P"
"Black Sabbath","Damaged Soul","No","3gY381aWseWtDcnanY9n6u"
"Black Sabbath","Electric Funeral","No","0GoyVMmzOB53lT8qRJYC4b"
"Black Sabbath","Evil Woman","No","3xHIzMtYweNIgsOGIbdyXt"
"Black Sabbath","Fairies Wear Boots","No","34aKsAXIfB6ZI6rlMSkXkk"
"Black Sabbath","God Is Dead?","No","3IKJNHnVZ2bXGjAFBJiUYo"
"Black Sabbath","Heaven and Hell","No","62BPSdAzi3dDO7ZNx3wikV"
"Black Sabbath","Into the Void","No","6JZr1Anh17IB6DXtQDvxnh"
"Black Sabbath","Iron Man","No","4svkPL62HbvyFgf0nHFXAF"
"Black Sabbath","Killing Yourself to Live","No","5PvD0laDXMT51BIo2JMxMO"
"Black Sabbath","Loner","No","1PZ3DwxBYzuRYXt2fpomfY"
"Black Sabbath","Lord of This World","No","42IXMJhCyollp2Yb1680it"
"Black Sabbath","N.I.B.","No","2GnVuaoKSkB6Xa07l1BBg8"
"Black Sabbath","Neon Knights","No","4M3r1md8u4zyOf3DK0l9vQ"
"Black Sabbath","Never Say Die","No","74POLsjBpqeLGoLNRb3RGF"
"Black Sabbath","Paranoid","No","65qw3kbgTAoKO9hJjDraRe"
"Black Sabbath","Planet Caravan","No","3pwGxrP40tnp4kaiHgSD5E"
"Black Sabbath","Sabbath Bloody Sabbath","No","10sWvaY5yelQYHEvKfce4x"
"Black Sabbath","Sabbra Cadabra","No","4zLMM82wGnGS0VIy3pq2yU"
"Black Sabbath","Snowblind","No","5IInb5Pmard39yh1RPwxQU"
"Black Sabbath","Solitude","No","0xh4jAKV0BlbpycGZyJwtQ"
"Black Sabbath","Supernaut","No","3zxY9E2Lq38ADIhwDXOWe2"
"Black Sabbath","Sweet Leaf","No","2peq7apxC5w9ycNnykFx4E"
"Black Sabbath","The Wizard","No","51MKd0GzWjAPmiB539tQAJ"
"Black Sabbath","War Pigs","No","0HVQuuXGAcQ2P5mBN521ae"
"Black Sabbath","Wicked World","No","5Nd7D67aFokhjPCWxPdcA6"
"Black Sabbath","Zeitgeist","No","4HFRItYjNrcwT6Vbtbk2i4"
"Blue Öyster Cult","After Dark","No","29PUsW4uzZI39YffXGKlUw"
"Blue Öyster Cult","Astronomy","No","2g02rt0UFudctbAnmJsm22"
"Blue Öyster Cult","Black Blade","No","4Nyx3c0IPFITNo42yodlrh"
"Blue Öyster Cult","Born To Be Wild","No","5I35lj0wrL3et6tRaq7gSy"
"Blue Öyster Cult","Box in My Head","No","6QJmMsK2vCvxPvkeaPFM0F"
"Blue Öyster Cult","Burnin' for You","No","3fkPMWQ6cBNBLuFcPyMS8s"
"Blue Öyster Cult","Burning for You","No","7gzbnBiHnGBpruEIWTSh1X"
"Blue Öyster Cult","Career of Evil","No","1hNIb1XdqTfcanT6yr9l4k"
"Blue Öyster Cult","Cities On Flame","No","0M7oqERflkrJVHD3IAZqxo"
"Blue Öyster Cult","Cities On Flame with Rock and Roll","No","0M7oqERflkrJVHD3IAZqxo"
"Blue Öyster Cult","Dancin' In the Ruins","No","3hPYZWTZPGBnQ5fCAl6d12"
"Blue Öyster Cult","Death Valley Nights","No","1Zd5KxenhiRD0OpIf9Dfmh"
"Blue Öyster Cult","Dominance and Submission","No","4cOqjEZyN13voCKivT0ae2"
"Blue Öyster Cult","E.T.I.","No","5KBdHzTROSlD3dACh91sZx"
"Blue Öyster Cult","Edge of the World","No","7jVe2goPxC3aDq6BRgqPMo"
"Blue Öyster Cult","Eyes on Fire","No","41E1dJP0U1tlgIsjmPLHhd"
"Blue Öyster Cult","Fallen Angel","No","1IYjr8q6ZmRxVlTVtBTvQn"
"Blue Öyster Cult","Fight","No","4QULNfm0fGOq1x7Z6ufi0O"
"Blue Öyster Cult","Fire of Unknown Origin","No","3OXc6xDxasnl4uj2jl1q4Y"
"Blue Öyster Cult","Fireworks","No","2oX1Mb2560PoRxHAVSpRAM"
"Blue Öyster Cult","Flaming Telepaths","No","1SphwtRn4YYVffKnTWaugH"
"Blue Öyster Cult","Florida Man","No","6XEe0KctR5H9ll1HMQrBZr"
"Blue Öyster Cult","Godzilla","No","6N0AnkdDFZUetw8KAGHV7e"
"Blue Öyster Cult","Golden Age of Leather","No","1BKoilGgL2OgmPKcYQ27vQ"
"Blue Öyster Cult","Heavy Metal","No","1uUCpOX86yRGShambUp93O"
"Blue Öyster Cult","I Love the Night","No","4hO1SWYmqJF6X7O5rZaE6R"
"Blue Öyster Cult","In Thee","No","7vm7Bd52OsZmxk3yWulR2u"
"Blue Öyster Cult","Joan Crawford","No","0DcEV14d8zZykcFQ6PI2KQ"
"Blue Öyster Cult","ME 262","No","273lBFpxUCwisTpdnF9cVb"
"Blue Öyster Cult","Monsters","No","6JtnDjDz5eJ87GOAd8sDbv"
"Blue Öyster Cult","Nightmare Epiphany","No","4bNuSqQByGNwVSYBttd9Jm"
"Blue Öyster Cult","Nosferatu","No","2Qo5Bpb4Chv3KHhQn4dGWl"
"Blue Öyster Cult","O.D.'d On Life Itself","No","25bhZC815VKJyXBF15UVje"
"Blue Öyster Cult","Redeemed","No","1P37l3UBUo49cqATq6Qccz"
"Blue Öyster Cult","Screams","No","2KsnSzoJlmfT44jFOqRP1E"
"Blue Öyster Cult","Secret Road","No","4D0rMWGCN4xQzSgLDOj634"
"Blue Öyster Cult","She's as Beautiful as a Foot","No","4dxvxIJyRionBTOIo3v8yH"
"Blue Öyster Cult","Shooting Shark","No","2hIPXxsglGrqR1O7j4zt9H"
"Blue Öyster Cult","Sinful Love","No","0ZulY8etRzj54NLYOYX7jy"
"Blue Öyster Cult","Sole Survivor","No","2PicnFqnuKd9EwHp2xQvcn"
"Blue Öyster Cult","Stairway to the Stars","No","3VH9PB4maOkYsS1KKXDBb1"
"Blue Öyster Cult","Stand and Fight","No","0d6toPSchGTRM7HOGGE8Sy"
"Blue Öyster Cult","Tainted Blood","No","0fH5JH6nF13GqegSQvG0uX"
"Blue Öyster Cult","Take Me Away","No","6zdMlZyo0XyRNclXyQvVAl"
"Blue Öyster Cult","Tattoo Vampire","No","1DV0f9SWOku3899QQ8ux93"
"Blue Öyster Cult","That Was Me","No","4SEVM5zCvVLTwk8Rm5ox0I"
"Blue Öyster Cult","The Alchemist","No","6gqBQnqc30AV9Z8mFu20EF"
"Blue Öyster Cult","The Machine","No","2FH9s2d6Kuo3RyvfwGfWL7"
"Blue Öyster Cult","The Red & the Black","No","1mKM34k8n1nLeMF1yt9EKS"
"Blue Öyster Cult","The Return of St. Cecilia","No","2prO2CskUEGM1sErj1tyyi"
"Blue Öyster Cult","Then Came the Last Days of May","No","60TYdVs6TWIsAJ1MPRdv59"
"Blue Öyster Cult","There's a Crime","No","5faIQyk8ZehpXPPvBPbXNa"
"Blue Öyster Cult","This Ain't the Summer of Love","No","1lyzM8ksTZShD51uQVt8zW"
"Blue Öyster Cult","Train True","No","6lO5R7MqS8zBCQRBUqOi9x"
"Blue Öyster Cult","Transmaniacon MC","No","59ENhfT8TIFjB30TUVG4PA"
"Blue Öyster Cult","True Confessions","No","6sH5tkQoXL3YKV0hpXZoWj"
"Blue Öyster Cult","Veteran of the Psychic Wars","No","1bPUK3zBMK73QXmCLzqffn"
"Blue Öyster Cult","When the War Comes Home","No","7aZuLqm3Ft8eUnzDYkJrXR"
"Boston","More Than a Feeling","No","1QEEqeFIZktqIpPI4jSVSF"
"Brian May","Driven By You","No","5fwDeXiddBrFU3zjTKsiZq"
"Cream","Blue Condition","No","7ppEe541TTltrmGoQO5N4n"
"Cream","Born Under A Bad Sign","No","2uxsnsH0XzOBZkMrSFVmll"
"Cream","Dance The Night Away","No","5qlENYSq7eJmRXsP6bKBKY"
"Cream","Strange Brew","No","47bXIv24jthL4vzZy3j7CY"
"Cream","Sunshine Of Your Love","No","2K2M0TcglCRLLpFOzKeFZA"
"Cream","SWLABR","No","2JbS4ZDBIUcXavA9mfb2nC"
"Cream","Tales Of Brave Ulysses","No","0GxV3poTM7Z7fKSUqy5qFw"
"Cream","World Of Pain","No","6OWonlTNJpRwNRI6IYDY0a"
"Data Hackers","Aprendizado e o futuro da educação","Yes","null"
"Data Hackers","As maiores tretas e polêmicas no mundo de Dados","Yes","null"
"Data Hackers","Carreira em Data Science — Data Hackers Podcast 11","Yes","null"
"Data Hackers","Como criar um time de Data Science","Yes","null"
"Data Hackers","Como é o dia a dia de um Cientista de Dados","Yes","null"
"Data Hackers","Como nós começamos em Data Science","Yes","null"
"Data Hackers","Data","Yes","null"
"Data Hackers","Jornalismo de Dados no Estadão","Yes","null"
"Data Hackers","Kaggle","Yes","null"
"Data Hackers","Mulheres em Data Science","Yes","null"
"Data Hackers","Nubank e EBANX","Yes","null"
"Data Hackers","O que um Engenheiro de Dados faz?","Yes","null"
"Data Hackers","Tendências de Data Science para 2019","Yes","null"
"David Bowie","Life on Mars?","No","5URpMAb54ke5nwHFe93Xmb"
"David Bowie","Space Oddity","No","6kEyuKmF4kZylB5LcuRd8Y"
"David Bowie","Starman","No","28FBXPS2VWWvp6eMU6JL3o"
"David Gilmour","Echoes","No","4RzUcGT0RAmyeEe5wmvz88"
"Deep Purple","Black Night","No","7yn7rpRvg6XCq10B94etIp"
"Deep Purple","Highway Star","No","4gVTozEmzwAUXpwj3jEetX"
"Deep Purple","Perfect Strangers","No","2JhJOPGvtqMpj5RQC8cIYf"
"Deep Purple","When A Blind Man Cries","No","2VpWlosniF04Stk8W9BZll"
"Dio","Don't Talk To Strangers","No","4VQeQlaSsAfP8fmZynnb7q"
"Freddie Mercury","Barcelona","No","07rjmFuB0I2O1UuIPnu6Qj"
"Freddie Mercury","Living on My Own","No","7M8uS1GRmHVZShFuaGKaY4"
"Freddie Mercury","The Great Pretender","No","7m1JSCGnmorA3tjtWJpDj4"
"Geddy Lee","My Favorite Headache","No","4yKWUl2WR327Ol0MNzOD5B"
"Geddy Lee","Runaway Train","No","3cFUgGMpaynZHiuEqv48qn"
"Geddy Lee","The Angels' Share","No","1mAFKniHLRQSpd8wWani14"
"Geddy Lee","Working at Perfekt","No","10kUVvy3damVfxFRABXKkB"
"Histórias em Inglês com Duolingo","Comfort food","Yes","null"
"Horizonte De Eventos","Horizonte de Eventos","Yes","null"
"Howlin' Wolf","Spoonful","No","7j02rdE5RVtNcNMuLGY5SS"
"Joelma","Botar Pra Chorar","No","6rhuSXgoD3A34u7W6N54Oc"
"Led Zeppelin","Babe I'm Gonna Leave You","No","7m1qOvGJOhAWd00dUfq2mn"
"Led Zeppelin","Black Dog","No","3F3hmyDVsfNAzCXCfVMIv0"
"Led Zeppelin","Celebration Day","No","0H3Z24wgVfdl2YeQJvZfJM"
"Led Zeppelin","Communication Breakdown","No","3MKWTqACZYmbKmoLDBmoVt"
"Led Zeppelin","Dazed and Confused","No","3oQmhSFOyQx8v1qf0shHNP"
"Led Zeppelin","Friends","No","7gqmwUh6nk9KFyjAPifJlj"
"Led Zeppelin","Gallows Pole","No","26EevkzlKOnKeeeFtsPsql"
"Led Zeppelin","Going to California","No","7x2UCrhyXgeeDiLIeg29d6"
"Led Zeppelin","Good Times Bad Times","No","7zqYR0ke1rSZxQYkMUorCM"
"Led Zeppelin","Heartbreaker","No","2vOgQcXtjY7J0LVRXeqYpK"
"Led Zeppelin","Hey, Hey, What Can I Do","No","0ylE7gAbnYkkzt8LhyZdoT"
"Led Zeppelin","Immigrant Song","No","5GpPnZgfycTTzBksvGQsas"
"Led Zeppelin","In My Time of Dying","No","4ojX1Nce4VlOsmHbpOD0ht"
"Led Zeppelin","Kashmir","No","6K5R5Apnthfr9UvWeNWKC5"
"Led Zeppelin","Nobody's Fault but Mine","No","5ucXfilvtzz7pZslFn8a3n"
"Led Zeppelin","Out on the Tiles","No","0dpL8X7a0RLu7rsTO9Ex7y"
"Led Zeppelin","Ramble On","No","6j5zFSiZO1BZmTl9RZ0Xc0"
"Led Zeppelin","Rock and Roll","No","2Glp2agSlMNslCznis3bTf"
"Led Zeppelin","Since I've Been Loving You","No","6Jp7OBQu2quohZ3V9Xlma9"
"Led Zeppelin","The Song Remains the Same","No","2e61kmae4HhbuS9hYONQ0A"
"Led Zeppelin","When the Levee Breaks","No","3vb4WlnT1gCHCqWnL7MsIB"
"Led Zeppelin","Whole Lotta Love","No","2SGaFY7FVT7vpXzhDx4XPR"
"Pink Floyd","Another Brick in the Wall, Pt. 2","No","4gMgiXfqyzZLMhsksGmbQV"
"Pink Floyd","Comfortably Numb","No","5HNCy40Ni5BZJFw1TKzRsC"
"Pink Floyd","Dogs","No","2jvuMDqBK04WvCYYz5qjvG"
"Pink Floyd","Fat Old Sun","No","5qlckstqDQ2RskL0SJsDYx"
"Pink Floyd","High Hopes","No","5a4MgIUSf9K8wXLSm6xPEx"
"Pink Floyd","If","No","63brgJhrcNFW8ncUhM1mhG"
"Pink Floyd","Money","No","0vFOzaXqZHahrZp6enQwQb"
"Pink Floyd","More Blues","No","4p1qtNoktFkDJy2oeXHmYi"
"Pink Floyd","Pigs","No","0gEaeqVRHPzRc7HMXtOKc7"
"Pink Floyd","Pigs on the Wing 1","No","19tHmIQsRnebkyK09m2UXE"
"Pink Floyd","Sheep","No","55e99bv2wlgTYtNEYHWtN1"
"Pink Floyd","Shine On You Crazy Diamond","No","01oeshlnI7gchG1pt7PS76"
"Pink Floyd","Time","No","3TO7bbrUKrOSPGRTB5MeCz"
"Pink Floyd","Wish You Were Here","No","6mFkJmJqdDVQ1REhVfGgd1"
"Queen","'39","No","0kIpcu3DQacQObHVyra9Jx"
"Queen","A Kind Of Magic","No","74QzobuYWH5BHMTrW9X7Yu"
"Queen","All Dead, All Dead","No","2TZFIU3tMAQNhMfcFWPTUb"
"Queen","Another One Bites The Dust","No","5Lsg8jlCoTyxRch9LvJo3E"
"Queen","Ay","No","5nv5hodQpAMoT2PqSVmakE"
"Queen","Bicycle Race","No","5rQKjP9forn7JVuiZBj6eZ"
"Queen","Bohemian Rhapsody","No","6l8GvAyoUZwWDgF1e4822w"
"Queen","Breakthru","No","6a4cMRwVA0z8FETARH7PTc"
"Queen","Cool Cat","No","1xD8LOLKZTBWp7SXQrUANX"
"Queen","Crazy Little Thing Called Love","No","6aU0F03DR257LCPAXjtg42"
"Queen","Death On Two Legs","No","3goduURDLxG5xVKC1geLtB"
"Queen","Don't Stop Me Now","No","43DHLzDkncpby82Po5jlOZ"
"Queen","Dragon Attack","No","6GT9NVRrfjQFJvanUnBP5W"
"Queen","Drum And Tympani Solo","No","108CEUGyglECilQb3o1jec"
"Queen","Fat Bottomed Girls","No","0NZ90au4uU11IkvReTOGYJ"
"Queen","Flash","No","6tYYT8zNxkadSCujCdR6Ur"
"Queen","Forever","No","00QAndVDVfNqNWYdWAhEan"
"Queen","Friends Will Be Friends","No","0Qnog91b8rD28SXhtBeBOH"
"Queen","Get Down, Make Love","No","4Bgluc807xGpxehxW6Uvn7"
"Queen","God Save The Queen","No","76S0Oy6sFz1fg8dQP5QTpQ"
"Queen","Good Old","No","1mnQiO568zXIrUncttTZGp"
"Queen","Guitar Solo","No","668edfhvN0OKWx6kc1bFeb"
"Queen","Hammer To Fall","No","2GCFcbxm61rSA8gzsDk6NJ"
"Queen","Headlong","No","21YZVlxpUNaZ136Shhm7FE"
"Queen","Heaven For Everyone","No","7Lyci2dYU5I7Rgl1Gxgc7q"
"Queen","I'm Going Slightly Mad","No","0sA5xCFx2bF3jrz5Y5r0m1"
"Queen","I'm In Love With My Car","No","4LdDKiaHx5B1VCocUY2ppn"
"Queen","I Can't Live With You","No","3MjXl9LMQFEbXa09w914d7"
"Queen","I Want It All","No","0GQo5VkiurD6HnVpaCNeMf"
"Queen","I Want To Break Free","No","25H6P7a94WUr5102lC6TNI"
"Queen","I Was Born To Love You","No","3K1Z590k8xkKWcyWjDUL2S"
"Queen","Innuendo","No","1dG4lTOVFu8RkSzybolp7o"
"Queen","Intro","No","1fzQ32qjWi45u1hPcNM0Hw"
"Queen","It's A Hard Life","No","5Uzgm4svJMIZq7fNXeDfEr"
"Queen","It's Late","No","20tTHycMGXBlar5C0sOw0H"
"Queen","Jailhouse Rock","No","1ow6RtvSgueeJi8kpdLk3c"
"Queen","Keep Yourself Alive","No","6WKoOXecrcYW8RmerNCxFB"
"Queen","Killer Queen","No","6hvpwZPS3x3XSv57qYWiUR"
"Queen","Las Palabras De Amor","No","4ySzMx9MJDmPQyjdXuNP3s"
"Queen","Lazing On A Sunday Afternoon","No","1qPQZ80itCW6kHAOfCccnq"
"Queen","Let Me Entertain You","No","3La5LAAtOfriFxZi97ybSK"
"Queen","Let Me In Your Heart Again","No","5dNb4EJQbzYONcP1HGZRIe"
"Queen","Let Me Live","No","5xksN73zPWG6l5jyOnQBCM"
"Queen","Liar","No",NA
"Queen","Love Of My Life","No","40fLjod5rvRpSgWAvAelXm"
"Queen","My Fairy King","No","5KvOmjiGxUcpkJvKCzHufN"
"Queen","No One But You","No","5btB0bp2D0N3fCkifI8vFi"
"Queen","Now I'm Here","No","2R8xlQtomjh07jgexGp6rJ"
"Queen","One Vision","No","4BB3Itr3YETOKFURnC28Ld"
"Queen","Party","No","13xg3nvQZajbPIi4GtoegH"
"Queen","Play The Game","No","6hyjl7z58fwPpx8273ilOC"
"Queen","Princes Of The Universe","No","0vr93BPFtjbXMj8ySn80tj"
"Queen","Radio Ga Ga","No","2jAc9KIQ9XoZxkydXh3MVh"
"Queen","Ride The Wild Wind","No","7rkrEyowp24CGvy0vE3snq"
"Queen","Save Me","No","5xDFYRukUOamdjnFoM3RoW"
"Queen","Seven Seas Of Rhye","No","1e9Tt3nKBwRbuaU79kN3dn"
"Queen","Sheer Heart Attack","No","51WaksrkxDnWH13oabHpJ1"
"Queen","Sleeping On The Sidewalk","No","4POnIp2RNhXnpn8aoVxIQo"
"Queen","Somebody To Love","No","6cFZ4PLC19taNlpl9pbGMf"
"Queen","Spread Your Wings","No","0MqUyrjDnnEKSyDJbFRZGg"
"Queen","Stone Cold Crazy","No","00moD4PXcXHnshxk8ljkgi"
"Queen","Thank God It's Christmas","No","3cEeI20ZGyNMMsRNIAPnlg"
"Queen","The Hero","No","1KUBC2Wy6DGtID7EZnO5TU"
"Queen","The Invisible Man","No","0kf46oObVRf3L51fHIojEm"
"Queen","The Miracle","No","3mT0VfxsucvDg7DpzB0fcy"
"Queen","The Show Must Go On","No","3m86qx7aIeqFcYcQ1UXUvP"
"Queen","These Are The Days Of Our Lives","No","0RAXNWy8uixVy6gC5CXPbf"
"Queen","Tie Your Mother Down","No","5iizMR06EEjsYFFuJmxfVI"
"Queen","Too Much Love Will Kill You","No","59xNhKR4abaCKdHzIxTApc"
"Queen","Under Pressure","No","1mSClObliRtgPVT399COQH"
"Queen","We Are The Champions","No","4kzvAGJirpZ9ethvKZdJtg"
"Queen","We Will Rock You","No","0a9sd6MEXZXIPHk0fAxpZ4"
"Queen","Who Wants To Live Forever","No","22KvnSgCUY8ix8riybbYiI"
"Queen","You're My Best Friend","No","4NpUDa36KfCZ7cDBfVY08Q"
"Queen","You Don't Fool Me","No","5K7JrTWUDr7R0paSy4rVYh"
"Rainbow","Man On The Silver Mountain","No","52bzQkgk8TznulGvKOPQTK"
"Rainbow","Since You Been Gone","No","6xq5DxZWGgdStAxGAil0yw"
"Rainbow","Stargazer","No","1aDNYyeU62BuQsBAY18i48"
"Roger Taylor","Sunny Day","No","3n3dOTV7F5AOuE2mA5K57m"
"Rush","2112","No","5H8xFHau0x3PI1CssO6EaX"
"Rush","A Farewell To Kings","No","4Ilt9N2XASXY60DSEitW5K"
"Rush","A Passage To Bangkok","No","1p9hRNRKVFPuYv0ADlkl1l"
"Rush","Afterimage","No","1zS3nK868x59ewPAzXat4y"
"Rush","Alien Shore","No","4uh2XykjwusuI5FGroB7Ay"
"Rush","Anagram","No","5gjLmSIlvHJjCN7qKTnoqi"
"Rush","Animate","No","0rdJpnhnW4apSXGEyW8epP"
"Rush","Anthem","No","481S5BKOolPHU4VDkDBHqn"
"Rush","Armor and Sword","No","6ZXtAlyP1lNWfIJ2faQvwP"
"Rush","Available Light","No","2cGFkKCnNlehBR2CKkjXAF"
"Rush","Bastille Day","No","2fsFnXtYfu3xkz9QXj1pZs"
"Rush","Before And After","No","2ix7QGz7AtP7adFF52EDW6"
"Rush","Beneath, Between & Behind","No","0bh40rcAYgtvLgS77L9SRi"
"Rush","Best I Can","No","4In36toej4JkNAPn24Jk88"
"Rush","Between Sun & Moon","No","4M8k3O09ksiX6CTDWiDpEr"
"Rush","Between The Wheels","No","78483g1DX5kIjyRnsGzxo3"
"Rush","Big Wheel","No","5IAevkIuxBJd3y6gGxALMw"
"Rush","Bravado","No","7sG6Tp1Oyul64gFFU55iRy"
"Rush","Bravest Face","No","5rlyubwWC7PSllji9QWVVN"
"Rush","Broon's Bane","No","5HRsMfZ3FA0kDa3FeyVIU6"
"Rush","BU2B","No","6CiPGcWJ3YykntxFjaaOJH"
"Rush","BU2B2","No","3zkVj459Ihoe84z3C7qlqY"
"Rush","By","No","0hRJNNyjoIlRcrgYVypM2Y"
"Rush","Caravan","No","4WW7Uaek3bzeODiZhE3PSK"
"Rush","Carnies","No","1E67jlQYbkbYwAuYBUM3k4"
"Rush","Carve Away the Stone","No","6zsMoyRa9nhT6IaAIHejQw"
"Rush","Ceiling Unlimited","No","0t7XMkbixxJOHaYoNP010X"
"Rush","Chemistry","No","4J5sWlkO9gnR5o9wXwC9Ba"
"Rush","Cinderella Man","No","2qnPNuQseD2NvWo88MCVGu"
"Rush","Circumstances","No","4lShKS7ee6aoC8hbUVOhYG"
"Rush","Clockwork Angels","No","0mhh1nYcfI2uKkCaxKdGYT"
"Rush","Closer to the Heart","No","2Cx4yqMFQuIhUg6X6NtFOS"
"Rush","Closer To The Heart","No","4u3oXuVeOGoByIMz9pnOKf"
"Rush","Cold Fire","No","6xJ1reaLC6A1KcK7NhIKLl"
"Rush","Countdown","No","2rIyuURzVLDjENwkmhZ5Gf"
"Rush","Crossroads","No","0VX5SeVK2VbE7QCmckXUaP"
"Rush","Cut to the Chase","No","0IQyuH6r2C2rRHZqp3wiwZ"
"Rush","Cygnus X","No","7xxZUTxxlkiFEMzL6lYXtF"
"Rush","Different Strings","No","2BlPpQDClWGXuYttAmQcBY"
"Rush","Digital Man","No","1ZhhIn96uDxZrPeYinban3"
"Rush","Distant Early Warning","No","1bVnRjdVprR6ZoT67DBxML"
"Rush","Dog Years","No","73vRr6iK9cYdtq6UUBDV6C"
"Rush","Double Agent","No","43kNCjDBX9dRKO5LSC2Wsc"
"Rush","Dreamline","No","4fW8PJ4ks1DEnBMSZAskuG"
"Rush","Driven","No","22ZNL38S5L7YukBzmdOEmh"
"Rush","Drum Solo","No","7BR0IslolpW7cU95e66cww"
"Rush","Earthshine","No","1HMiAvNM0klyxplKlwL200"
"Rush","Emotion Detector","No","4BG64Z9i4XACK6IRWmgIKO"
"Rush","Entre Nous","No","3JZDax8w9XaM2SXVim3lxd"
"Rush","Everyday Glory","No","69t7DsYDpR8OnIgyvoOoTW"
"Rush","Face Up","No","2lC01cXkzlE8YHnyxZpIGu"
"Rush","Faithless","No","2JSwj8qqQZtL5hRcS66IA3"
"Rush","Far Cry","No","4oln108lelSadoqEFlwCZi"
"Rush","Finding My Way","No","6POxVhw9vbWKn4vXrLo3St"
"Rush","Fly By Night","No","54TaGh2JKs1pO9daXNXI5q"
"Rush","For What It's Worth","No","3HIvUCPsvELgIW7GNrXyK5"
"Rush","Force Ten","No","2B36scXmm2xG35ILOJMmxf"
"Rush","Free Will","No","0l8rsbuxi5ui2xDoJcY8sm"
"Rush","Freewill","No","2XwYeBzumtjxVbFWwhJpsy"
"Rush","Freeze Part IV of Fear","No","23eDYjECeAjGDkHAdBArkx"
"Rush","Ghost of a Chance","No","0uYvO71Uj1ysX89V5Do3Yp"
"Rush","Ghost Rider","No","6fBVFj2Bg9mo4AsPgsDHYw"
"Rush","Good News First","No","4vGv5xaIUgmzycJlUQXpSp"
"Rush","Grand Designs","No","3C3DdjdRkkBzVfX3uK7Jdf"
"Rush","Half the World","No","6drHXrgfLNYOJilS6FXeNr"
"Rush","Halo Effect","No","6oZJhVw9oYz6MN1SBMPYFu"
"Rush","Headlong Flight","No","2K0tmrLNQFWAPFXdxOmHn8"
"Rush","Heart Full of Soul","No","3VtrcsvEp3RIwg87GOui3q"
"Rush","Hemispheres","No","2PmZQXV2MdrIKgSKVXdWSd"
"Rush","Here Again","No","1q8VMNy2RTTl7dZhVIU6hk"
"Rush","Heresy","No","5NLvbki7VVHdfijSsEOPQl"
"Rush","High Water","No","2BEr51Zq9qSL55rGOCXmPP"
"Rush","Hope","No","3aAB9ANGuZSVnz1wUHStOh"
"Rush","How It Is","No","5R61KVtwmPQtejzALcEEwU"
"Rush","I Think I'm Going Bald","No","69XM8H8if0YrYAAwW08fKA"
"Rush","In The End","No","2T6lFb6HFAOkkOnphgwA2R"
"Rush","In The Mood","No","2CB4yzH1SBr0q85YniII0M"
"Rush","Jacob's Ladder","No","341PPpWkAUkEQeIdQQDGTo"
"Rush","La Villa Strangiato","No","4CyElmiM9EF9aURGWlPZLi"
"Rush","Lakeside Park","No","7f5bnrMNHpGpWYqHMIb3Nb"
"Rush","Leave That Thing Alone","No","2qvNzvfmy5nReCFhYHK6x3"
"Rush","Lessons","No","0hB7p4rUwkpVyNifHxTXXT"
"Rush","Limbo","No","35XwX1IZX2A3pURMSrRyrT"
"Rush","Limelight","No","0K6yUnIKNsFtfIpTgGtcHm"
"Rush","Lock And Key","No","6JyLquq5aQde75cezBnw6P"
"Rush","Losing It","No","7l4um9WaXEJOpYmkrXsPsE"
"Rush","Madrigal","No","5z7Pdf3CNlauRJkBSihT6v"
"Rush","Making Memories","No","2qxfjiwmOcxaepHaGqhRjR"
"Rush","Malignant Narcissism","No","4nmEn8BaHCNLwvHcwAzhaU"
"Rush","Manhattan Project","No","3uQDfCKlwfK9Yz10JFcsC7"
"Rush","Marathon","No","2P0x26YpGzXDddtQEc171e"
"Rush","Medley","No","3e0KuLvoVxvTdfewVq7VcP"
"Rush","Middletown Dreams","No","4UbZmqYEzT5vn4UrPzAHu9"
"Rush","Mission","No","0q6kL6JEfoGbozD1rjG7NY"
"Rush","Mr. Soul","No","5dkfF6T8QH5myWNt7GUHeo"
"Rush","Mystic Rhythms","No","3wBqON2EX3QFDyFLvl1Tcv"
"Rush","Natural Science","No","3sFgH9hqMB6cySLWJOGAJ4"
"Rush","Need Some Love","No","4ssrDczLOdo1veDL3LgHwI"
"Rush","New World Man","No","2l1AraumK6y3VUwi8Bw7iJ"
"Rush","Nobody's Hero","No","0xcA7LflHSiDPV74zs0s3b"
"Rush","Nocturne","No","7rcG5Md3kcuLly1F6v0hOs"
"Rush","O'Malley's Break","No","0eTOcyfTqfutyBWbbAD6Yh"
"Rush","One Little Victory","No","7CI5bgWO8RzDbiKOCN8407"
"Rush","Open Secrets","No","2QLQ8R0UbYX5iNNTgmR7V6"
"Rush","Out of the Cradle","No","0saSHG3UN8KJj3uwH71Uf3"
"Rush","Overture","No","2Z4IoVFtLSKVJBPJZ7Cz4T"
"Rush","Peaceable Kingdom","No","34FEpygxlcPm1tE26YqewO"
"Rush","Peke's Repose","No","6J6nHaxeRubBEYLMjW47OF"
"Rush","Presto","No","6hq2Enqp3pXY5nhxcfuZiW"
"Rush","Prime Mover","No","2SBKGHPQmo65mz9MxV30Fr"
"Rush","Red Barchetta","No","6UGHk2cmbDC1oidVjXcCKo"
"Rush","Red Sector A","No","3PefhAnxRxxxeimzWetwnT"
"Rush","Red Tide","No","32L4YJsU0uetIaSwsT7i22"
"Rush","Resist","No","7DRmkiHgfOV17YJuG60CGV"
"Rush","Rivendell","No","3U52bW9ucEIw2UQ50Oh0ZD"
"Rush","Roll the Bones","No","5fxyxJbYxhMMwfvCcx2tdk"
"Rush","Roll The Bones","No","2k0xk8GpsST0pcJ0Wck9tE"
"Rush","Second Nature","No","6052jtfgpaXiVlHLUnoFFm"
"Rush","Secret Touch","No","4LH2OsCBtFweBHUddAtfpL"
"Rush","Seven and Seven Is","No","5ygL2ee5PAwG8ZnF1fTqlD"
"Rush","Seven Cities of Gold","No","1bMEynxrPX5DoPcKTt1yxf"
"Rush","Shapes of Things","No","6gMIafMZuSDsLuCfEJhbln"
"Rush","Something For Nothing","No","4bGkklcgdZvIUtoqIc7wcd"
"Rush","Spindrift","No","1dmIlrag3uTxCI815XgXrr"
"Rush","Stick It Out","No","6enqhZawSgbAlFLRvXwAH0"
"Rush","Subdivisions","No","0Z0s6dw0zw2ENU1gVjlLV6"
"Rush","Sweet Miracle","No","5RcsVmIjkfNsI42exR4xql"
"Rush","Tai Shan","No","3k4ML90lCkW9bHvGeGrDIV"
"Rush","Take A Friend","No","11KIDPIj4gFZ43Q6szqAfB"
"Rush","Tears","No","5L2dN3m2sliHCEojBDt7wR"
"Rush","Territories","No","20mmTwCJPnoA9Gq4Qhbqaj"
"Rush","Test for Echo","No","0uV03rQUQn4j6HhWz7Nt2T"
"Rush","The Analog Kid","No","1rUmVxcEAAMTI7BGp4fiyl"
"Rush","The Anarchist","No","7LkMvdPlagxLNKTU77Z1SO"
"Rush","The Big Money","No","4f6CJbnASHEtQspSwqoYlr"
"Rush","The Body Electric","No","0HJsaW48EYnIxH627aRHWN"
"Rush","The Camera Eye","No","0hBby0yygBY1u3m6tSpZgC"
"Rush","The Color of Right","No","7f0mxDL2Au3hLvhtUe4l7L"
"Rush","The Enemy Within","No","6QRQd3I52HHXy59OWAqKNa"
"Rush","The Fountain Of Lamneth","No","59VlwBBWgPPKBOg42ZVzOT"
"Rush","The Garden","No","6CRNYiqBld7XK4plDLk3lL"
"Rush","The Larger Bowl","No","6XP1lxHvGRqttJq7bogFQ0"
"Rush","The Main Monkey Business","No","3uBiydBKLwlAk9f3lICpVo"
"Rush","The Necromancer","No","68WOjqnUdYrBd44y9ow0Z1"
"Rush","The Pass","No","0pT7Vws8MhBLXx7rwqOwMD"
"Rush","The Speed of Love","No","3KQCdojAu1aO3BZ2G959e1"
"Rush","The Spirit Of Radio","No","4e9hUiLsN4mx61ARosFi7p"
"Rush","The Stars Look Down","No","2A1LlBVlq0U1MWUnwb3Cyc"
"Rush","The Trees","No","5cHnoalJPx909Umw8EoroV"
"Rush","The Twilight Zone","No","0QHY2cPwl7GpgC4WO5Onql"
"Rush","The Way the Wind Blows","No","4eh73oNd3bMVLI1NSeezm1"
"Rush","The Weapon","No","71PeEU6DLw7b2UvKuilQ0e"
"Rush","The Wreckers","No","2s5oNg5BmJg1GwSqkPbzrT"
"Rush","Time and Motion","No","4zEoCyDemOOdcdF5DsSo7I"
"Rush","Time Stand Still","No","1uqGSvSc207Zlgi4sGr9RQ"
"Rush","Tom Sawyer","No","3QZ7uX97s82HFYSmQUAN1D"
"Rush","Totem","No","17HT5At90d2Pl5cXnKls4S"
"Rush","Trees","No","5cHnoalJPx909Umw8EoroV"
"Rush","Turn The Page","No","7LHp6fGj4lG47lNceQ0Ltc"
"Rush","Vapor Trail","No","5QDf6Iilwl0C5pDr2o03eX"
"Rush","Virtuality","No","3Wdd3odOmELr46XR4MQohR"
"Rush","Vital Signs","No","1k0GxoZYv3Yx5mNeXMOZN2"
"Rush","War Paint","No","5EfynFqT83pclSF9jeuVrD"
"Rush","We Hold On","No","63JnyvtwaCYqsVQfVwgyuI"
"Rush","What You're Doing","No","5ta0Ra3jMlNWKlSyIML7ZI"
"Rush","Where's My Thing","No","56FU6yh4O46jrAltLyY2zr"
"Rush","Where's My Thing?","No","56FU6yh4O46jrAltLyY2zr"
"Rush","Wish Them Well","No","05AxLHZd9zgxZRGJV0Jv3f"
"Rush","Witch Hunt","No","6cbBAD1AAYVaQR1cx89AZX"
"Rush","Workin' Them Angels","No","36ypZxzbhZOh68bzs1giOd"
"Rush","Working Man","No","1gkn90ExKRNAOlhDs4RoW0"
"Rush","Xanadu","No","5q7KiSN7znIONR76LAqm7k"
"Rush","You Bet Your Life","No","2mLf5ZgJeEU2ArptAHcJbs"
"Rush","YYZ","No","3lpDrxUkr0tIe1kmJvdK7d"
"Sleeping At Last","Chasing Cars","No","2d7LPtieXdIYzf7yHPooWd"
"Sleeping At Last","Saturn","No","3tJjZMHLqhD8DaGgdBICnc"
"The Who","Baba O'Riley","No","3qiyyUfYe7CRYLucrPmulD"
"The Who","Bargain","No","4Vtl42qX97JBj68TKifBHR"
"The Who","Behind Blue Eyes","No","0cKk8BKEi7zXbdrYdyqBP5"
"The Who","Bell Boy","No","0DkCOLwvtxVPs3ri0XbDLK"
"The Who","Cut My Hair","No","75AhlGB9aFWTxDfbmbdiCH"
"The Who","Doctor Jimmy","No","1NwZEoDB9oQOH2UnRgDMX2"
"The Who","Helpless Dancer","No","775kHBFQ3xnxGeRe0rOz7b"
"The Who","I'm One","No","6TRQUflD06zYvNijwb2HNH"
"The Who","I Am The Sea","No","0f0DUjcrkg9Vi4Eg0abLPi"
"The Who","Love Ain't For Keeping","No","1zdmeAd3wE2VlrrxpAAEgr"
"The Who","My Wife","No","04jUWHa4mIZKn7duaD2gXW"
"The Who","Quadrophenia","No","2daz5cSUMul4An2vCSERJC"
"The Who","The Dirty Jobs","No","2JqIRmo5zyrneYYVG9XX5D"
"The Who","The Punk And The Godfather","No","2O1tCUkthqO7SWpXdDnp2T"
"The Who","The Real Me","No","4rVvheUQ2wQpn5uXX5l0gS"
"The Who","The Song Is Over","No","1F10hpkS0xntdnTZ4bIjTp"
"Yes","America","No","7guz8LWGuiHSvp19OUxmbQ"
"Yes","And You and I","No","0BlY6gmEradqgbFf5uGbAG"
"Yes","Close to the Edge","No","4eVH8dKkAmC5p90RvaCgUk"
"Yes","From The Turn Of A Card","No","16fE6ktt6921sqMSGqVu6t"
"Yes","Long Distance Runaround","No","0rxOukzmqEBM9u4L84Z9bm"
"Yes","Roundabout","No","0l2kEdf5XjlckyybbNjmYS"
"Yes","Siberia","No","1nyLujWRDFnsuKkz1Iq387"
"Yes","Siberian Khatru","No","17sTUE1DweDdop28Okl2hj"
"Yes","To The Moment","No","3S0KgMao9oX73ka3QZe5mM"
"Yes","Total Mass Retain","No","2njPB5yC71L5gbKvu9dH7g"
"Yes","Words On A Page","No","3HEtl1yZPv9hQscQatHXaX"
