"endTime","artistName","trackName","msPlayed","isPodcast","id"
"2021-02-08 00:43","Horizonte De Eventos","Horizonte de Eventos - Episódio 21 - Challenger - O Acidente",2987750,"Yes","null"
"2021-02-19 12:37","Blue Öyster Cult","True Confessions",176040,"No","6sH5tkQoXL3YKV0hpXZoWj"
"2021-02-19 12:40","Blue Öyster Cult","That Was Me",198638,"No","4SEVM5zCvVLTwk8Rm5ox0I"
"2021-02-19 12:44","Blue Öyster Cult","E.T.I. (Extra Terrestrial Intelligence)",222773,"No","5KBdHzTROSlD3dACh91sZx"
"2021-02-19 12:48","Blue Öyster Cult","In Thee",230146,"No","7vm7Bd52OsZmxk3yWulR2u"
"2021-02-19 12:57","Blue Öyster Cult","Golden Age of Leather",352080,"No","1BKoilGgL2OgmPKcYQ27vQ"
"2021-02-19 13:01","Blue Öyster Cult","Sole Survivor",246640,"No","2PicnFqnuKd9EwHp2xQvcn"
"2021-02-19 13:08","Blue Öyster Cult","Black Blade",399106,"No","4Nyx3c0IPFITNo42yodlrh"
"2021-02-19 13:13","Blue Öyster Cult","Monsters",307133,"No","6JtnDjDz5eJ87GOAd8sDbv"
"2021-02-19 13:39","David Gilmour","Echoes - Live in Gdansk",1525513,"No","4RzUcGT0RAmyeEe5wmvz88"
"2021-02-19 13:50","Rush","The Camera Eye",658986,"No","0hBby0yygBY1u3m6tSpZgC"
"2021-02-19 13:56","Rush","Mystic Rhythms",353840,"No","3wBqON2EX3QFDyFLvl1Tcv"
"2021-02-19 14:01","Rush","Manhattan Project",304866,"No","3uQDfCKlwfK9Yz10JFcsC7"
"2021-02-19 16:16","Rush","Turn The Page",295106,"No","7LHp6fGj4lG47lNceQ0Ltc"
"2021-02-19 16:21","Rush","Prime Mover",318733,"No","2SBKGHPQmo65mz9MxV30Fr"
"2021-02-19 16:26","Rush","Red Sector A",309146,"No","3PefhAnxRxxxeimzWetwnT"
"2021-02-19 16:33","Rush","The Weapon",383400,"No","71PeEU6DLw7b2UvKuilQ0e"
"2021-02-19 16:39","Rush","Countdown",350106,"No","2rIyuURzVLDjENwkmhZ5Gf"
"2021-02-19 16:43","Black Sabbath","Zeitgeist",277786,"No","4HFRItYjNrcwT6Vbtbk2i4"
"2021-02-19 16:51","Black Sabbath","Damaged Soul",471666,"No","3gY381aWseWtDcnanY9n6u"
"2021-02-19 16:55","Rush","A Passage To Bangkok",214893,"No","1p9hRNRKVFPuYv0ADlkl1l"
"2021-02-19 16:59","Rush","Something For Nothing",238933,"No","4bGkklcgdZvIUtoqIc7wcd"
"2021-02-19 17:02","Rush","The Twilight Zone",200066,"No","0QHY2cPwl7GpgC4WO5Onql"
"2021-02-19 17:06","Rush","Anthem",261760,"No","481S5BKOolPHU4VDkDBHqn"
"2021-02-19 17:11","Rush","Bastille Day",277133,"No","2fsFnXtYfu3xkz9QXj1pZs"
"2021-02-19 17:22","Rush","Xanadu",664853,"No","5q7KiSN7znIONR76LAqm7k"
"2021-02-19 17:32","Rush","Natural Science",559893,"No","3sFgH9hqMB6cySLWJOGAJ4"
"2021-02-19 17:36","Rush","The Analog Kid",287666,"No","1rUmVxcEAAMTI7BGp4fiyl"
"2021-02-20 03:44","Rush","Afterimage",233590,"No","1zS3nK868x59ewPAzXat4y"
"2021-02-22 00:40","Rush","The Enemy Within",274506,"No","6QRQd3I52HHXy59OWAqKNa"
"2021-02-22 00:44","Rush","Circumstances",220333,"No","4lShKS7ee6aoC8hbUVOhYG"
"2021-02-22 00:49","Rush","Ghost Rider - 2013 Remix",340650,"No","6fBVFj2Bg9mo4AsPgsDHYw"
"2021-02-22 00:55","Rush","Earthshine - 2013 Remix",337801,"No","1HMiAvNM0klyxplKlwL200"
"2021-02-22 01:01","Rush","Between The Wheels",344280,"No","78483g1DX5kIjyRnsGzxo3"
"2021-03-06 01:37","Rush","Presto - 2004 Remaster",327903,"No","0TfPS1dhsUTGISdvXAoPES"
"2021-03-06 01:42","Sleeping At Last","Saturn",289792,"No","3tJjZMHLqhD8DaGgdBICnc"
"2021-03-06 01:42","Sleeping At Last","Chasing Cars",2506,"No","2d7LPtieXdIYzf7yHPooWd"
"2021-03-06 01:42","Rush","Red Tide - 2004 Remaster",2241,"No","1KcmYwbviRzSCd2aB5LDke"
"2021-03-06 01:42","Rush","War Paint - 2004 Remaster",2562,"No","40UDRU6xIODKg1NStpayEt"
"2021-03-06 01:48","Rush","Animate - 2004 Remaster",363440,"No","5uORXVBCCN45rbW5LOuurt"
"2021-03-06 01:53","Rush","Nobody's Hero - 2004 Remaster",294600,"No","3Szho175dsJo76urI0OxEO"
"2021-03-06 01:59","Rush","Alien Shore - 2004 Remaster",346320,"No","0IAUgBaT8QFLt1R1TxfK6u"
"2021-03-06 02:04","Rush","Faithless",331000,"No","2JSwj8qqQZtL5hRcS66IA3"
"2021-03-06 02:06","Rush","We Hold On",124073,"No","63JnyvtwaCYqsVQfVwgyuI"
"2021-03-07 13:31","Rush","Heart Full of Soul",171240,"No","3VtrcsvEp3RIwg87GOui3q"
"2021-03-07 13:34","Rush","For What It's Worth",209626,"No","3HIvUCPsvELgIW7GNrXyK5"
"2021-03-07 13:38","Rush","Mr. Soul",229266,"No","5dkfF6T8QH5myWNt7GUHeo"
"2021-03-07 13:41","Rush","Shapes of Things",195560,"No","6gMIafMZuSDsLuCfEJhbln"
"2021-03-07 13:44","Rush","Seven and Seven Is",172133,"No","5ygL2ee5PAwG8ZnF1fTqlD"
"2021-03-07 13:49","Rush","Bravado - 2004 Remaster",275120,"No","7fCntOTBEH6rshHhWX7hKG"
"2021-03-07 13:54","Rush","Roll the Bones - 2004 Remaster",329906,"No","2k0xk8GpsST0pcJ0Wck9tE"
"2021-03-07 13:58","Rush","Where's My Thing - 2004 Remaster",229120,"No","56FU6yh4O46jrAltLyY2zr"
"2021-03-07 14:04","Rush","Heresy - 2004 Remaster",325440,"No","5NLvbki7VVHdfijSsEOPQl"
"2021-03-07 14:09","Rush","You Bet Your Life - 2004 Remaster",300920,"No","2LJnqa6OFoKrMdx84CYfGh"
"2021-03-07 14:14","Rush","The Pass - 2004 Remaster",290653,"No","0pT7Vws8MhBLXx7rwqOwMD"
"2021-03-07 22:14","Rush","Available Light - 2004 Remaster",272034,"No","2cGFkKCnNlehBR2CKkjXAF"
"2021-03-09 16:20","Geddy Lee","The Angels' Share",274733,"No","1mAFKniHLRQSpd8wWani14"
"2021-03-09 16:41","Geddy Lee","Runaway Train",271466,"No","3cFUgGMpaynZHiuEqv48qn"
"2021-03-09 16:46","Geddy Lee","My Favorite Headache",284000,"No","4yKWUl2WR327Ol0MNzOD5B"
"2021-03-09 16:51","Geddy Lee","Working at Perfekt",299040,"No","10kUVvy3damVfxFRABXKkB"
"2021-03-09 16:51","Queen","Ride The Wild Wind - Remastered 2011",11860,"No","2HHQq82aQ5IAQmKjFSfIng"
"2021-03-12 02:01","Rush","Clockwork Angels",13642,"No","0mhh1nYcfI2uKkCaxKdGYT"
"2021-03-17 14:05","Queen","Intro - Live At The Montreal Forum / November 1981",580,"No","null"
"2021-03-17 14:08","Queen","We Will Rock You (Fast) - Live At The Montreal Forum / November 1981",186106,"No","null"
"2021-03-17 14:11","Queen","Let Me Entertain You - Live At The Montreal Forum / November 1981",168693,"No","null"
"2021-03-17 14:15","Queen","Play The Game - Live At The Montreal Forum / November 1981",237466,"No","null"
"2021-03-17 14:23","Queen","Somebody To Love - Live At The Montreal Forum / November 1981",473306,"No","null"
"2021-03-17 14:25","Queen","Killer Queen - Live At The Montreal Forum / November 1981",119933,"No","null"
"2021-03-17 14:27","Queen","I'm In Love With My Car - Live At The Montreal Forum / November 1981",123333,"No","null"
"2021-03-17 14:31","Queen","Get Down, Make Love - Live At The Montreal Forum / November 1981",285933,"No","null"
"2021-03-17 14:36","Queen","Save Me - Live At The Montreal Forum / November 1981",254733,"No","null"
"2021-03-17 14:41","Queen","Now I'm Here - Live At The Montreal Forum / November 1981",331600,"No","null"
"2021-03-17 14:44","Queen","Dragon Attack - Live At The Montreal Forum / November 1981",191760,"No","null"
"2021-03-17 14:46","Queen","Now I'm Here (Reprise) - Live At The Montreal Forum / November 1981",113106,"No","null"
"2021-03-17 14:50","Queen","Under Pressure - Live At The Montreal Forum / November 1981",230120,"No","null"
"2021-03-17 14:54","Queen","Keep Yourself Alive - Live At The Montreal Forum / November 1981",209293,"No","null"
"2021-03-17 14:57","Queen","Drum And Tympani Solo - Live At The Montreal Forum / November 1981",180066,"No","null"
"2021-03-17 22:56","Queen","Guitar Solo - Live At The Montreal Forum / November 1981",34116,"No","null"
"2021-03-20 19:34","Queen","Flash - Live At The Montreal Forum / November 1981",131146,"No","null"
"2021-03-20 19:36","Queen","The Hero - Live At The Montreal Forum / November 1981",111440,"No","null"
"2021-03-20 19:41","Queen","Crazy Little Thing Called Love - Live At The Montreal Forum / November 1981",255600,"No","null"
"2021-03-20 19:43","Queen","Jailhouse Rock - Live At The Montreal Forum / November 1981",152600,"No","null"
"2021-03-20 19:49","Queen","Bohemian Rhapsody - Live At The Montreal Forum / November 1981",328933,"No","null"
"2021-03-20 21:36","Queen","Tie Your Mother Down - Live At The Montreal Forum / November 1981",232933,"No","null"
"2021-03-20 21:40","Queen","Another One Bites The Dust - Live At The Montreal Forum / November 1981",240600,"No","null"
"2021-03-20 21:57","Queen","Sheer Heart Attack - Live At The Montreal Forum / November 1981",233693,"No","null"
"2021-03-20 21:59","Queen","We Will Rock You - Live At The Montreal Forum / November 1981",129333,"No","null"
"2021-03-20 22:03","Queen","We Are The Champions - Live At The Montreal Forum / November 1981",207573,"No","null"
"2021-03-20 22:04","Queen","God Save The Queen - Live At The Montreal Forum / November 1981",87506,"No","null"
"2021-03-22 15:40","Rush","Wish Them Well",325466,"No","05AxLHZd9zgxZRGJV0Jv3f"
"2021-03-22 15:47","Rush","The Garden",419440,"No","6CRNYiqBld7XK4plDLk3lL"
"2021-03-22 20:23","Rush","The Anarchist",65580,"No","7LkMvdPlagxLNKTU77Z1SO"
"2021-03-25 16:35","Black Sabbath","Paranoid",168440,"No","1Y373MqadDRtclJNdnUXVc"
"2021-03-25 16:40","Black Sabbath","Children of the Grave",314720,"No","5clz8BOBulxx7q2yHxqOCk"
"2021-03-25 16:46","Black Sabbath","N.I.B.",364493,"No","2GnVuaoKSkB6Xa07l1BBg8"
"2021-03-25 16:53","Black Sabbath","Heaven and Hell - 2009 Remaster",398817,"No","null"
"2021-03-25 16:59","Black Sabbath","Iron Man",354773,"No","3IOQZRcEkplCXg6LofKqE9"
"2021-03-26 01:19","Black Sabbath","Sabbath Bloody Sabbath",151306,"No","2bku1YWarHpKlxVC2FB9dH"
"2021-03-26 13:58","Black Sabbath","Sweet Leaf",245996,"No","2FZ0yrA5aPClG5ZPBlV7n4"
"2021-03-26 14:04","Black Sabbath","Black Sabbath",377280,"No","0xIZPPBfLqQEAj1BLmGrNc"
"2021-03-26 17:46","Black Sabbath","War Pigs",474400,"No","2rd9ETlulTbz6BYZcdvIE1"
"2021-03-26 17:55","Black Sabbath","God Is Dead?",532266,"No","3IKJNHnVZ2bXGjAFBJiUYo"
"2021-03-26 17:56","Black Sabbath","Into the Void",67853,"No","3ex9yveBIpssnR6sVvhwiR"
"2021-03-26 18:01","Black Sabbath","The Wizard",260640,"No","6sjTzevtstOxOMsFsypsEm"
"2021-03-26 18:05","Black Sabbath","Planet Caravan",269533,"No","2VDg6h3Qr3F8UuFVInQxE6"
"2021-03-26 18:10","Black Sabbath","Loner",299933,"No","1PZ3DwxBYzuRYXt2fpomfY"
"2021-03-26 18:10","Black Sabbath","Snowblind",4693,"No","5w091st8zPd8c01LFzTY8B"
"2021-03-26 18:15","Black Sabbath","A National Acrobat",5370,"No","0QuclG0uX1lm9E7uRfVWzc"
"2021-03-26 18:15","Black Sabbath","Electric Funeral",289799,"No","7As8h8LJTMIritB8QwSmqr"
"2021-03-26 18:20","Black Sabbath","Supernaut",271120,"No","1fJTWLZHIAwPdGoBzEYnhp"
"2021-03-26 18:26","Black Sabbath","Sabbra Cadabra",17357,"No","4zLMM82wGnGS0VIy3pq2yU"
"2021-03-26 18:26","Black Sabbath","Fairies Wear Boots",373192,"No","34aKsAXIfB6ZI6rlMSkXkk"
"2021-03-26 21:02","Black Sabbath","Solitude",251090,"No","0wjptUxT1jhKZ3Xm4lX8OF"
"2021-03-29 16:59","Black Sabbath","Children of the Sea - 2009 Remaster",335213,"No","null"
"2021-03-29 18:27","Black Sabbath","Never Say Die",5723,"No","0w24uOUM9O7Jli66Mx5RIf"
"2021-03-29 18:31","Black Sabbath","Neon Knights - 2009 Remaster",231693,"No","null"
"2021-03-29 18:37","Black Sabbath","Computer God - 2011 Remaster",372065,"No","null"
"2021-03-29 18:37","Black Sabbath","Killing Yourself to Live",2360,"No","387JMg7bz2JPHhLqXC1RBy"
"2021-03-29 19:50","Black Sabbath","Wicked World",280980,"No","7n5JBulRFW7P1WqjhhjbrI"
"2021-03-31 14:55","Rush","Anagram - 2004 Remaster",239546,"No","5gjLmSIlvHJjCN7qKTnoqi"
"2021-03-31 16:09","Rush","Hope - Instrumental",122346,"No","3aAB9ANGuZSVnz1wUHStOh"
"2021-03-31 16:14","Rush","Workin' Them Angels",294920,"No","36ypZxzbhZOh68bzs1giOd"
"2021-03-31 16:18","Rush","Limelight",259840,"No","0K6yUnIKNsFtfIpTgGtcHm"
"2021-03-31 16:19","Yes","Roundabout - 2003 Remaster",5353,"No","0YveezON7jpiaHA8fnUHxN"
"2021-03-31 16:23","Blue Öyster Cult","Then Came the Last Days of May",7360,"No","60TYdVs6TWIsAJ1MPRdv59"
"2021-03-31 16:23","Blue Öyster Cult","I Love the Night",263920,"No","4hO1SWYmqJF6X7O5rZaE6R"
"2021-04-01 11:19","Rush","Subdivisions (Live on Clockwork Angels Tour)",339373,"No","10cp7U1YadJDXLSkZoogKJ"
"2021-04-01 11:25","Rush","The Big Money (Live on Clockwork Angels Tour)",362306,"No","3ltoNmGzaum4qYjfCmG1HP"
"2021-04-01 11:31","Rush","Force Ten (Live on Clockwork Angels Tour)",335426,"No","6uCZCIiQRt62b6VVpE8bEB"
"2021-04-01 11:36","Rush","Grand Designs (Live on Clockwork Angels Tour)",315773,"No","15pUq5xfLfD7NvTGt6NKGM"
"2021-04-01 11:41","Rush","The Body Electric (Live on Clockwork Angels Tour)",292066,"No","0im1YPeVg1clkfE6HulJkn"
"2021-04-01 11:48","Rush","Territories (Live on Clockwork Angels Tour)",406653,"No","2UfLczVD8paSuTUuZadIrd"
"2021-04-01 11:53","Rush","The Analog Kid (Live on Clockwork Angels Tour)",324586,"No","1WU5igo1wGUyZhH55UqWi2"
"2021-04-01 11:59","Rush","Bravado - Live",346426,"No","3VLg2R3ALa2rC6PNhusMdy"
"2021-04-01 12:07","Rush","Where's My Thing? / Here It Is! (Drum Solo) [Live on Clockwork Angels Tour]",503440,"No","3hP3teMu3JstJuXNUBq687"
"2021-04-01 12:13","Rush","Far Cry",333626,"No","4oln108lelSadoqEFlwCZi"
"2021-04-01 12:18","Rush","Caravan (with Clockwork Angels String Ensemble) [Live on Clockwork Angels Tour]",342413,"No","2DCWuwkwUM9aEVTO0wrT5b"
"2021-04-01 12:27","Rush","Clockwork Angels (with Clockwork Angels String Ensemble) [Live on Clockwork Angels Tour]",492640,"No","6waXFDVC58SypD8lwdRSt7"
"2021-04-01 12:34","Rush","The Anarchist (with Clockwork Angels String Ensemble) [Live on Clockwork Angels Tour]",419773,"No","57AmtAnsXC1FWGFa0PpbC1"
"2021-04-01 12:39","Rush","Carnies (with Clockwork Angels String Ensemble) [Live on Clockwork Angels Tour]",316386,"No","5EEuv5upMD3atlb8lfABIZ"
"2021-04-01 12:44","Rush","The Wreckers (with Clockwork Angels String Ensemble) [Live on Clockwork Angels Tour]",327733,"No","3uc8BAdTs0hc4xrTPALWJA"
"2021-04-01 12:53","Rush","Headlong Flight (with Clockwork Angels String Ensemble) / Drumbastica [Drum Solo] [Live on Clockwork Angels Tour]",497173,"No","0PQdxnf0ddYp6lnHB81db8"
"2021-04-01 12:58","Rush","Peke's Repose (Guitar Solo) / Halo Effect [with Clockwork Angels String Ensemble] [Live on Clockwork Angels Tour]",315173,"No","6J6nHaxeRubBEYLMjW47OF"
"2021-04-01 17:55","Rush","Seven Cities of Gold (with Clockwork Angels String Ensemble) [Live on Clockwork Angels Tour]",67717,"No","3du4jW0U3gnOVZLf8uu8tC"
"2021-04-02 13:54","Rush","The Big Money",334493,"No","4f6CJbnASHEtQspSwqoYlr"
"2021-04-02 13:59","Rush","Grand Designs",305800,"No","3C3DdjdRkkBzVfX3uK7Jdf"
"2021-04-02 14:53","Rush","Marathon",369533,"No","2P0x26YpGzXDddtQEc171e"
"2021-04-02 14:59","Rush","Territories",379093,"No","20mmTwCJPnoA9Gq4Qhbqaj"
"2021-04-02 15:17","Rush","Middletown Dreams",315373,"No","4UbZmqYEzT5vn4UrPzAHu9"
"2021-04-02 15:22","Rush","Emotion Detector",310426,"No","4BG64Z9i4XACK6IRWmgIKO"
"2021-04-06 01:50","Blue Öyster Cult","Veteran of the Psychic Wars",289586,"No","1bPUK3zBMK73QXmCLzqffn"
"2021-04-06 01:56","Blue Öyster Cult","Astronomy",383973,"No","2g02rt0UFudctbAnmJsm22"
"2021-04-06 02:00","Blue Öyster Cult","Cities On Flame with Rock and Roll",242640,"No","0M7oqERflkrJVHD3IAZqxo"
"2021-04-06 02:04","Blue Öyster Cult","Heavy Metal: The Black and Silver",198360,"No","1uUCpOX86yRGShambUp93O"
"2021-04-06 02:08","Blue Öyster Cult","Death Valley Nights",248320,"No","1Zd5KxenhiRD0OpIf9Dfmh"
"2021-04-06 02:12","Blue Öyster Cult","Fire of Unknown Origin",251440,"No","3OXc6xDxasnl4uj2jl1q4Y"
"2021-04-10 22:29","Rush","La Villa Strangiato",574733,"No","4CyElmiM9EF9aURGWlPZLi"
"2021-04-13 21:59","Rush","The Anarchist - Live R40 Tour",427180,"No","2LM14igUVmI9SV0w0ikOOI"
"2021-04-13 22:07","Rush","Headlong Flight - Live R40 Tour",525722,"No","0xfKUuwKtz082u9vVo7OJ4"
"2021-04-13 22:16","Rush","Far Cry - Live R40 Tour",331515,"No","7appAENhuEWDcVtFAzxF3m"
"2021-04-13 22:22","Rush","The Main Monkey Business - Live R40 Tour",367607,"No","5opmZXevhxRp0PJQkSpibl"
"2021-04-13 22:27","Rush","How It Is - Live R40 Tour",285407,"No","4TZCHc0e08MARzh9dXHOcI"
"2021-04-13 22:33","Rush","Animate - Live R40 Tour",375034,"No","3JFelI2nxxYJWiW7tymHrG"
"2021-04-14 00:17","Rush","Roll The Bones - Live R40 Tour",297073,"No","5rBxHKgtzeE76vkWM1YxqW"
"2021-04-15 23:37","Rush","Between The Wheels - Live R40 Tour",358047,"No","0WLulekxiDsLSjnXrTg2qY"
"2021-04-15 23:43","Rush","Losing It - Live R40 Tour",355340,"No","6u5hqhR0SXezCXPWdE9fGO"
"2021-04-15 23:49","Rush","Subdivisions - Live R40 Tour",348501,"No","27bOd02YxaLfFx76FRXzpg"
"2021-04-15 23:54","Rush","Tom Sawyer - Live R40 Tour",299558,"No","1wxYi0Qdu2sYR8EzlOaNJk"
"2021-04-15 23:58","Rush","YYZ - Live R40 Tour",271563,"No","4Mrc8EcUSJv6bblFGxJHsf"
"2021-04-16 00:03","Rush","The Spirit Of Radio - Live R40 Tour",303166,"No","0byXuuWqANcCoQgJjGKUCg"
"2021-04-16 00:12","Rush","Natural Science - Live R40 Tour",511859,"No","7rGrEoNDOgAN6ImsWCNYvv"
"2021-04-16 00:19","Rush","Jacob's Ladder - Live R40 Tour",454273,"No","27Q7kWMaykvYPR7k13zhcm"
"2021-04-16 00:24","Rush","Hemispheres: Prelude - Live R40 Tour",259338,"No","2PmZQXV2MdrIKgSKVXdWSd"
"2021-04-16 00:33","Rush","Cygnus X-1 / The Story So Far - Medley / Drum Solo / Live R40 Tour",561349,"No","6MQZp4QUq7ol1SAIc1lPmm"
"2021-04-16 00:36","Rush","Closer To The Heart - Live R40 Tour",187593,"No","4Vxpz1KzQZSTx1KbFf3qa9"
"2021-04-16 00:42","Rush","Lakeside Park / Anthem - Medley / Live R40 Tour",329580,"No","4X8eGdQQC4twIYkjA613aU"
"2021-04-16 00:51","Rush","What You're Doing / Working Man - Medley / Live R40 Tour",575106,"No","4cH6pBrixn9obYACND9lrb"
"2021-04-16 00:57","Rush","One Little Victory - Live R40 Tour",347190,"No","3LEfHb5pDAbSghrVY8bOpK"
"2021-04-16 01:03","Rush","Distant Early Warning - Live R40 Tour",324483,"No","6yeEVDX3LvPWv02rgl0wR1"
"2021-04-16 01:05","Rush","Red Barchetta - Live R40 Tour",138859,"No","4MNmv4jgzzCxLE0fIKfy6A"
"2021-04-16 21:03","Rush","Clockwork Angels - Live R40 Tour",466282,"No","04vwMzdNuzc3sK3mEp0fKU"
"2021-04-16 21:09","Rush","The Wreckers - Live R40 Tour",338999,"No","6N0xSFn1tbEwIgk0WQ8RB8"
"2021-04-17 01:59","Yes","And You and I - 2003 Remaster",354597,"No","2IDIxX8L57lsOczvSMQRFd"
"2021-04-17 14:50","Yes","Siberian Khatru - 2003 Remaster",532946,"No","1nyLujWRDFnsuKkz1Iq387"
"2021-04-17 15:08","Yes","America - 2003 Remaster",131157,"No","5jleoXgOf41HdLITE0Omu3"
"2021-04-17 15:15","Yes","Total Mass Retain - 2003 Remaster",198893,"No","2njPB5yC71L5gbKvu9dH7g"
"2021-04-17 15:25","Yes","And You and I - Alternate Version",615306,"No","3OpIahGyzAxdYdylHFVtEV"
"2021-04-17 15:34","Yes","Siberia - Studio Run-Through of Siberian Khatru",550740,"No","2IFJ7GUv4luOkZS5TTCGdO"
"2021-04-17 15:53","Yes","Close to the Edge (i. The Solid Time of Change, ii. Total Mass Retain, iii. I Get up I Get Down, iv. Seasons of Man) - 2003 Remaster",1121253,"No","47dPsSo7cEDNkvIOSB4O2k"
"2021-04-18 23:17","Blue Öyster Cult","(Don't Fear) The Reaper",308120,"No","5QTxFnGygVM4jFQiBovmRo"
"2021-04-18 23:20","Blue Öyster Cult","Godzilla",221400,"No","6N0AnkdDFZUetw8KAGHV7e"
"2021-04-18 23:25","Blue Öyster Cult","Burnin' for You",271000,"No","3fkPMWQ6cBNBLuFcPyMS8s"
"2021-04-21 19:59","Led Zeppelin","The Song Remains the Same - Remaster",182960,"No","2e61kmae4HhbuS9hYONQ0A"
"2021-04-21 20:06","Led Zeppelin","Since I've Been Loving You - Remaster",444148,"No","1SDiiE3v2z89VxC3aVRKHQ"
"2021-04-21 20:07","Led Zeppelin","Out on the Tiles - Remaster",7151,"No","6fxcpQMUoX0ofnbIHVnVWN"
"2021-04-21 20:09","Led Zeppelin","Immigrant Song - Remaster",146250,"No","78lgmZwycJ3nzsdgmPPGNx"
"2021-04-21 20:13","Led Zeppelin","Friends - Remaster",233901,"No","7jP44G0vKQLkfJ3x19pqPn"
"2021-04-21 20:16","Led Zeppelin","Celebration Day - Remaster",210227,"No","78MXICbE7bD4cuPKFh1EFO"
"2021-04-21 20:27","Led Zeppelin","Good Times Bad Times - Remaster",167733,"No","0kfjZ0JCXU9sSg99gbQpbJ"
"2021-04-21 20:29","Led Zeppelin","Communication Breakdown - Remaster",148560,"No","2E64SWjM9rQmAshItmdbcw"
"2021-04-21 20:36","Led Zeppelin","Dazed and Confused - Remaster",388453,"No","5MWfv4F84sJhScYq18yqbN"
"2021-04-21 20:42","Led Zeppelin","Babe I'm Gonna Leave You - Remaster",402920,"No","38KeSzb6FZYSogDXpc7xz8"
"2021-04-21 20:48","Led Zeppelin","Whole Lotta Love - Remaster",329760,"No","3OuMIIFP5TxM8tLXMWYPGV"
"2021-04-21 20:52","Led Zeppelin","Ramble On - Remaster",268880,"No","1oCOp1kVAgNlXX9Tx9mvzq"
"2021-04-21 20:57","Led Zeppelin","Heartbreaker - Remaster",255506,"No","3buvRn4CDX86EO9LHTITGn"
"2021-04-21 21:10","Led Zeppelin","Rock and Roll - Remaster",220880,"No","4PRGxHpCpF2yoOHYKQIEwD"
"2021-04-21 21:15","Led Zeppelin","Black Dog - Remaster",295506,"No","3qT4bUD1MaWpGrTwcvguhb"
"2021-04-21 21:22","Led Zeppelin","When the Levee Breaks - Remaster",398343,"No","05f8Hg3RSfiPSCBQOtxl3i"
"2021-04-24 15:57","Led Zeppelin","Kashmir - 1990 Remaster",508200,"No","null"
"2021-04-24 16:01","Yes","Long Distance Runaround - 2003 Remaster",210266,"No","5vfoqFiW6wXwhwa7r523Iq"
"2021-05-14 01:10","Led Zeppelin","Gallows Pole - Remaster",4910,"No","4S2QZuPFZ9qeHW2sonMJS1"
"2021-05-14 01:10","Led Zeppelin","Nobody's Fault but Mine - 1990 Remaster",125810,"No","null"
"2021-05-17 02:16","Queen","Spread Your Wings - Remastered 2011",274226,"No","6hvFXQ9Kmsabx520Xlu5rK"
"2021-05-17 02:35","Joelma","Botar Pra Chorar",1160,"No","6rhuSXgoD3A34u7W6N54Oc"
"2021-05-17 02:42","<U+6587><U+4FCA><U+8F89>","<U+5BC2><U+5BDE><U+53F7><U+767B><U+673A><U+53E3>",238346,"No","0fSuP4hMUK1CqDAYV62BHF"
"2021-05-17 02:43","<U+6587><U+4FCA><U+8F89>","<U+4E4C><U+9E26>",7773,"No","7fTc6aBevhBfM6vjSQuWHZ"
"2021-05-17 03:17","Rush","Test for Echo - 2004 Remaster",355666,"No","0uV03rQUQn4j6HhWz7Nt2T"
"2021-05-17 04:55","Rush","Driven - 2004 Remaster",2213,"No","6ezVZ1BT2caoc10Y1ReWKr"
"2021-05-17 22:55","Rush","Half the World - 2004 Remaster",218116,"No","6drHXrgfLNYOJilS6FXeNr"
"2021-05-17 23:00","Rush","Totem - 2004 Remaster",298533,"No","30PvTO9EWpi9t9jWdueP7S"
"2021-05-18 01:36","Rush","Dog Years - 2004 Remaster",104316,"No","73vRr6iK9cYdtq6UUBDV6C"
"2021-05-18 20:38","Rush","The Color of Right - 2004 Remaster",286480,"No","7f0mxDL2Au3hLvhtUe4l7L"
"2021-05-19 11:22","Rush","Virtuality - 2004 Remaster",343626,"No","3Wdd3odOmELr46XR4MQohR"
"2021-05-19 11:26","Rush","Resist - 2004 Remaster",263373,"No","1DpppbKBTc83vX2sb3k3tc"
"2021-05-19 11:32","Rush","Limbo - 2004 Remaster",329026,"No","24RHOdxEB3yOwVvoG3wdd7"
"2021-05-19 11:36","Rush","Carve Away the Stone - 2004 Remaster",247600,"No","2lRrd4xhgLELY2OwqiLYrp"
"2021-05-22 18:16","Rush","Carnies",291693,"No","1E67jlQYbkbYwAuYBUM3k4"
"2021-05-23 01:03","Rush","Halo Effect",69096,"No","6oZJhVw9oYz6MN1SBMPYFu"
"2021-05-23 01:32","Rush","The Trees",279618,"No","5cHnoalJPx909Umw8EoroV"
"2021-05-23 21:11","Rush","Seven Cities of Gold",392200,"No","1bMEynxrPX5DoPcKTt1yxf"
"2021-05-23 21:16","Rush","The Wreckers",300986,"No","2s5oNg5BmJg1GwSqkPbzrT"
"2021-05-23 21:24","Rush","Headlong Flight",440480,"No","2K0tmrLNQFWAPFXdxOmHn8"
"2021-05-23 21:25","Rush","BU2B2",87573,"No","3zkVj459Ihoe84z3C7qlqY"
"2021-05-23 21:44","Rush","Caravan",339800,"No","43l8BalXmo4y50runkgJEh"
"2021-05-23 21:49","Rush","BU2B",310386,"No","6CiPGcWJ3YykntxFjaaOJH"
"2021-05-24 21:15","Rush","Peaceable Kingdom - 2013 Remix",323625,"No","34FEpygxlcPm1tE26YqewO"
"2021-05-24 21:20","Rush","The Stars Look Down - 2013 Remix",268468,"No","4aDbs8wiwGIlkHtPA7VEmW"
"2021-05-24 21:24","Rush","How It Is - 2013 Remix",244637,"No","5R61KVtwmPQtejzALcEEwU"
"2021-05-24 21:29","Rush","Vapor Trail - 2013 Remix",298355,"No","5QDf6Iilwl0C5pDr2o03eX"
"2021-05-24 21:35","Rush","Secret Touch - 2013 Remix",394543,"No","3z3NQJBf5skHLxWL3S06zj"
"2021-05-24 21:44","Rush","Sweet Miracle - 2013 Remix",220808,"No","5RcsVmIjkfNsI42exR4xql"
"2021-05-24 21:49","Rush","Nocturne - 2013 Remix",289200,"No","5QvzzUvPKDwIdMuKPSFvyb"
"2021-05-24 21:56","Rush","Freeze Part IV of ""Fear"" - 2013 Remix",381037,"No","23eDYjECeAjGDkHAdBArkx"
"2021-05-25 00:29","Rush","Out of the Cradle - 2013 Remix",77010,"No","1PZfyzhM5Udl6JdNIgfOHD"
"2021-05-28 02:13","Rush","O'Malley's Break - Live in Cleveland",1535,"No","0eTOcyfTqfutyBWbbAD6Yh"
"2021-05-28 02:21","Queen","Let Me In Your Heart Again - William Orbit Mix",397346,"No","5dNb4EJQbzYONcP1HGZRIe"
"2021-05-28 12:25","Rush","Time and Motion - 2004 Remaster",301360,"No","4P5oPoOIzQFCBb4tEFLvUM"
"2021-05-29 16:30","Led Zeppelin","Kashmir - Remaster",517125,"No","6Vjk8MNXpQpi0F4BefdTyq"
"2021-06-03 23:50","Led Zeppelin","Nobody's Fault but Mine - Remaster",388093,"No","6unmtLYQ2LQ1Cg4IdAiU9g"
"2021-06-04 13:13","Rush","Armor and Sword",396213,"No","6ZXtAlyP1lNWfIJ2faQvwP"
"2021-06-05 15:46","Yes","To The Moment - Single Edit",262101,"No","000JOedCHdjUGp9iBm4I38"
"2021-06-05 15:52","Yes","To The Moment",372682,"No","3S0KgMao9oX73ka3QZe5mM"
"2021-06-05 15:59","Yes","Words On A Page",381305,"No","3HEtl1yZPv9hQscQatHXaX"
"2021-06-05 16:00","Yes","From The Turn Of A Card",98282,"No","16fE6ktt6921sqMSGqVu6t"
"2021-06-06 00:57","Rush","The Larger Bowl",237890,"No","6XP1lxHvGRqttJq7bogFQ0"
"2021-06-06 21:39","Rush","Spindrift",324933,"No","1dmIlrag3uTxCI815XgXrr"
"2021-06-06 21:45","Rush","The Main Monkey Business - Instrumental",361453,"No","3uBiydBKLwlAk9f3lICpVo"
"2021-06-06 21:51","Rush","The Way the Wind Blows",388120,"No","4eh73oNd3bMVLI1NSeezm1"
"2021-06-06 22:06","Rush","Bravest Face",311853,"No","5rlyubwWC7PSllji9QWVVN"
"2021-06-06 22:11","Rush","Good News First",290680,"No","4vGv5xaIUgmzycJlUQXpSp"
"2021-06-06 22:14","Rush","Malignant Narcissism - Instrumental",136986,"No","4nmEn8BaHCNLwvHcwAzhaU"
"2021-06-08 20:41","Rush","Beneath, Between & Behind",181933,"No","0bh40rcAYgtvLgS77L9SRi"
"2021-06-08 20:53","Rush","By-Tor And The Snow Dog",517093,"No","0hRJNNyjoIlRcrgYVypM2Y"
"2021-06-08 20:56","Rush","Fly By Night",197463,"No","54TaGh2JKs1pO9daXNXI5q"
"2021-06-09 01:41","Rush","Making Memories",4692,"No","2qxfjiwmOcxaepHaGqhRjR"
"2021-06-11 21:30","Rush","Bastille Day - Live",297733,"No","2Uj8MrUjBgSENVZuaoa1wy"
"2021-06-11 21:35","Rush","Anthem - Live",296000,"No","22waP9TZrALPslwJdUbC4A"
"2021-06-11 21:40","Rush","Fly By Night / In The Mood - Live At Massey Hall, Toronto / 1976",303933,"No","3uX4GqMF6fRNyeIj3Sc27U"
"2021-06-11 21:44","Rush","Something For Nothing - Live",242826,"No","0s39DKd8yNsMxntFSkTrke"
"2021-06-11 21:45","Rush","Lakeside Park - Live At Massey Hall, Toronto / 1976",26362,"No","2eFvPfb2Hd3WUYRxFQw7rj"
"2021-06-12 01:31","Roger Taylor","Sunny Day",217880,"No","3n3dOTV7F5AOuE2mA5K57m"
"2021-06-12 01:35","Queen","Breakthru - Remastered 2011",245220,"No","2HPvr5vD9rjbc0tejSmkkp"
"2021-06-12 01:40","Rush","Closer to the Heart - Live in Cleveland",207431,"No","3frkRLXM4ueVHWCj300k2U"
"2021-06-12 01:45","Queen","No One But You (Only The Good Die Young)",248898,"No","1PRsCgYtkgFaKgFMlry3Gr"
"2021-06-13 19:16","Queen","A Kind Of Magic - Remastered 2011",262253,"No","1LFK84nUerBbYfFd1LmnTm"
"2021-06-13 19:20","Queen","Under Pressure - Remastered 2011",236506,"No","11IzgLRXV7Cgek3tEgGgjw"
"2021-06-13 19:26","Queen","Radio Ga Ga - Remastered 2011",343320,"No","1HmzAZUvhQLhLo2z3ocpZI"
"2021-06-13 19:30","Queen","I Want It All - Remastered 2011",241253,"No","4DtB1PJsbl4KAb2rZVNCUL"
"2021-06-13 19:34","Queen","I Want To Break Free - Remastered 2011",258000,"No","7h2yhVxcZOGyQdOwD4Hu8J"
"2021-06-13 19:40","Queen","Innuendo - Remastered 2011",388293,"No","4bmak6Hd7NPwVrY26TjKNT"
"2021-06-13 19:45","Queen","It's A Hard Life - Remastered 2011",248800,"No","5PTvZMe9mIL0GrRvPBRu6S"
"2021-06-13 19:54","Queen","Who Wants To Live Forever - Remastered 2011",295333,"No","00QAndVDVfNqNWYdWAhEan"
"2021-06-13 19:58","Queen","Headlong - Remastered 2011",271013,"No","7pNjsnSTgme34y3uc2qLHI"
"2021-06-13 21:45","Queen","The Miracle - Remastered 2011",272706,"No","55ZMyYbRQRYjcNWceCL5oT"
"2021-06-13 21:52","Queen","I'm Going Slightly Mad - Remastered 2011",248693,"No","52zfZjVEiMM1EK51ERuaEi"
"2021-06-13 21:56","Queen","The Invisible Man - Remastered 2011",237818,"No","0h15VlXIzD1MwKwNi12ois"
"2021-06-15 00:14","Queen","Hammer To Fall - Remastered 2011",218320,"No","30U2ANWm8iFBRiYX3USS5H"
"2021-06-15 00:19","Queen","Friends Will Be Friends - Remastered 2011",248706,"No","0SaopEgTo6O5dJoFXBbulL"
"2021-06-15 00:23","Queen","The Show Must Go On - Remastered 2011",263626,"No","3hU637WcAGM5ubSqeaTme5"
"2021-06-15 00:27","Queen","One Vision - Remastered 2011",245066,"No","0xzhryP1AoHUazYdJ5rj3B"
"2021-07-01 11:46","Rush","Big Wheel - 2004 Remaster",312579,"No","2dt7SFawiOvxi2Fxr7oy0O"
"2021-07-01 17:11","Rush","Ghost of a Chance - 2004 Remaster",279457,"No","6kZsLcq0dKjKvFWOyY5gzt"
"2021-07-01 17:25","Rush","Face Up - 2004 Remaster",233573,"No","2lC01cXkzlE8YHnyxZpIGu"
"2021-07-04 19:06","Rush","2112: Overture / The Temples Of Syrinx / Discovery / Presentation / Oracle / Soliloquy / Grand Finale - Medley",1233579,"No","5H8xFHau0x3PI1CssO6EaX"
"2021-07-04 19:16","Rush","Lessons",232352,"No","0hB7p4rUwkpVyNifHxTXXT"
"2021-07-04 19:20","Rush","Tears",214478,"No","5L2dN3m2sliHCEojBDt7wR"
"2021-07-04 19:24","Rush","Overture - Live",5078,"No","2Z4IoVFtLSKVJBPJZ7Cz4T"
"2021-07-04 19:29","Rush","The Spirit Of Radio",296292,"No","4e9hUiLsN4mx61ARosFi7p"
"2021-07-04 19:35","Rush","Freewill",321771,"No","2XwYeBzumtjxVbFWwhJpsy"
"2021-07-04 19:42","Rush","Jacob's Ladder",447033,"No","341PPpWkAUkEQeIdQQDGTo"
"2021-07-04 19:47","Rush","Entre Nous",276927,"No","3JZDax8w9XaM2SXVim3lxd"
"2021-07-04 19:50","Rush","Different Strings",228838,"No","2BlPpQDClWGXuYttAmQcBY"
"2021-07-04 20:06","Rush","A Farewell To Kings",349520,"No","4Ilt9N2XASXY60DSEitW5K"
"2021-07-04 20:20","Rush","Closer To The Heart",171803,"No","4u3oXuVeOGoByIMz9pnOKf"
"2021-07-04 22:02","Rush","Cinderella Man",259206,"No","2qnPNuQseD2NvWo88MCVGu"
"2021-07-04 22:04","Rush","Madrigal",153471,"No","5z7Pdf3CNlauRJkBSihT6v"
"2021-07-04 22:24","Rush","Cygnus X-1 - Book One - The Voyage",621380,"No","4rbOGzYeCesTT5GDGA1XTM"
"2021-07-04 22:47","Rush","A Passage To Bangkok - Live At Pinkpop Festival, Netherlands/1979",242580,"No","60zfcmk6v3otwmRx4B1tWV"
"2021-07-07 00:54","Rush","Xanadu - Live At Pinkpop Festival, Netherlands/1979",197574,"No","7x342I165TUEVMSwrOhdDG"
"2021-07-07 01:34","Blue Öyster Cult","Edge of the World",292190,"No","7jVe2goPxC3aDq6BRgqPMo"
"2021-07-07 22:39","The Who","Baba O'Riley",300400,"No","3qiyyUfYe7CRYLucrPmulD"
"2021-07-07 22:45","The Who","Bargain",333586,"No","4Vtl42qX97JBj68TKifBHR"
"2021-07-07 22:47","The Who","Love Ain't For Keeping",130720,"No","1zdmeAd3wE2VlrrxpAAEgr"
"2021-07-07 22:50","The Who","My Wife",213680,"No","04jUWHa4mIZKn7duaD2gXW"
"2021-07-07 22:51","The Who","The Song Is Over",12953,"No","1F10hpkS0xntdnTZ4bIjTp"
"2021-07-07 22:54","The Who","Behind Blue Eyes",217371,"No","0cKk8BKEi7zXbdrYdyqBP5"
"2021-07-13 18:26","Cream","Strange Brew",166600,"No","47bXIv24jthL4vzZy3j7CY"
"2021-07-13 18:30","Cream","Sunshine Of Your Love",250000,"No","2K2M0TcglCRLLpFOzKeFZA"
"2021-07-13 18:33","Cream","World Of Pain",182600,"No","6OWonlTNJpRwNRI6IYDY0a"
"2021-07-13 18:34","Cream","Dance The Night Away",11890,"No","5qlENYSq7eJmRXsP6bKBKY"
"2021-07-13 18:37","Cream","Blue Condition",209400,"No","7ppEe541TTltrmGoQO5N4n"
"2021-07-13 18:40","Cream","Tales Of Brave Ulysses",166360,"No","0GxV3poTM7Z7fKSUqy5qFw"
"2021-07-13 18:41","Cream","SWLABR",45559,"No","2JbS4ZDBIUcXavA9mfb2nC"
"2021-07-14 15:24","David Bowie","Starman - 2012 Remaster",10180,"No","0pQskrTITgmCMyr85tb9qq"
"2021-07-14 15:24","Black Sabbath","Changes",6900,"No","3b7wNR330iKhql9dEdbNci"
"2021-07-14 15:24","David Bowie","Space Oddity - 2015 Remaster",15630,"No","72Z17vmmeQKAg8bptWvpVG"
"2021-07-14 15:25","David Bowie","Life on Mars? - 2015 Remaster",19180,"No","3ZE3wv8V3w2T2f7nOCjV0N"
"2021-07-14 16:50","Queen","All Dead, All Dead - Remastered 2011",189586,"No","1YBkXyn1nlp2SdCdsNkGtS"
"2021-07-14 16:54","Queen","Heaven For Everyone",277600,"No","1gZisUSub74637T2rJmimh"
"2021-07-14 17:55","Black Sabbath","Evil Woman",176094,"No","3xHIzMtYweNIgsOGIbdyXt"
"2021-07-14 18:07","Pink Floyd","Wish You Were Here",334743,"No","6mFkJmJqdDVQ1REhVfGgd1"
"2021-07-14 18:15","Pink Floyd","High Hopes",510964,"No","5a4MgIUSf9K8wXLSm6xPEx"
"2021-07-14 18:19","Pink Floyd","Echoes",203130,"No","7kriFJLY2KOhw5en9iI2jb"
"2021-07-14 23:50","Pink Floyd","If",270773,"No","63brgJhrcNFW8ncUhM1mhG"
"2021-07-14 23:52","Pink Floyd","More Blues",132546,"No","4p1qtNoktFkDJy2oeXHmYi"
"2021-07-15 00:06","Pink Floyd","Shine On You Crazy Diamond (Pts. 1-5)",811077,"No","6pnwfWyaWjQiHCKTiZLItr"
"2021-07-15 00:17","Pink Floyd","Shine On You Crazy Diamond (Pts. 6-9)",641542,"No","21j1PsCiTaO8ZW88UZrh3A"
"2021-07-25 12:52","Brian May","Driven By You",106820,"No","5fwDeXiddBrFU3zjTKsiZq"
"2021-07-25 12:52","Queen","You Don't Fool Me",30180,"No","35balOkqaPZ4IrvZtG3YNg"
"2021-07-25 12:52","Freddie Mercury","Living on My Own - Julian Raymond Album Mix",4410,"No","0PB9ebi1YHVz86DrzIJTBS"
"2021-07-25 12:54","Rainbow","Since You Been Gone",44640,"No","6xq5DxZWGgdStAxGAil0yw"
"2021-07-25 15:59","Queen","These Are The Days Of Our Lives",262200,"No","0RAXNWy8uixVy6gC5CXPbf"
"2021-07-28 22:51","Blue Öyster Cult","Take Me Away",190149,"No","6zdMlZyo0XyRNclXyQvVAl"
"2021-08-02 01:08","Queen","Let Me Live",285773,"No","2OhPBpTYE40CHUb4Ti2WfU"
"2021-08-17 00:21","Rush","The Spirit Of Radio - Live - Grace Under Pressure Tour",293733,"No","2Ms6U4wZLprr8k1t0AmHfp"
"2021-08-17 00:26","Rush","The Enemy Within - Live - Grace Under Pressure Tour",288306,"No","16qgVt7ZsNftbZrZdv7RTd"
"2021-08-17 00:34","Rush","The Weapon - Live - Grace Under Pressure Tour",462226,"No","2mvG3Bypm8REk3Nk4tbOO1"
"2021-08-17 00:39","Rush","Witch Hunt - Live - Grace Under Pressure Tour",280866,"No","3SkVjR48e1AwxXKMajc6ox"
"2021-08-17 00:43","Rush","New World Man - Live - Grace Under Pressure Tour",239066,"No","1D2yIz0XsFyodVloeQdZxe"
"2021-08-17 00:49","Rush","Distant Early Warning - Live - Grace Under Pressure Tour",370866,"No","0jIv9DFcPGsufD5VzQUjCd"
"2021-08-17 00:54","Rush","Red Sector ""A"" - Live - Grace Under Pressure Tour",322533,"No","6Z1RlXjgnV8SO64mSeYACT"
"2021-08-17 00:58","Rush","Closer To The Heart - Live - Grace Under Pressure Tour",215466,"No","0rbTDlQmG5lAtZrdsFl36w"
"2021-08-17 01:07","Rush","Medley: YYZ / Temples Of Syrinx / Tom Sawyer - Live - Grace Under Pressure Tour",581106,"No","5XFJr7XQL7a40jPp5Pgw0E"
"2021-08-17 01:12","Rush","Vital Signs - Live - Grace Under Pressure Tour",296226,"No","75g9BechGfdA2N6XumCq0b"
"2021-08-17 01:16","Rush","Medley: Finding My Way / In The Mood - Live - Grace Under Pressure Tour",214733,"No","3yCG23QJn2BFows93kCwwb"
"2021-08-21 15:34","Rush","One Little Victory - 2013 Remix",308615,"No","7ijp6uC9H83B7ZIYUCMIEs"
"2021-08-21 15:39","Rush","Ceiling Unlimited - 2013 Remix",328077,"No","0t7XMkbixxJOHaYoNP010X"
"2021-08-26 22:24","Rush","Intro - Grace Under Pressure - Live - Grace Under Pressure Tour",3980,"No","6T6LZhtUncaYlzHPOnmb4G"
"2021-08-27 19:06","Rush","Stick It Out - 2004 Remaster",270680,"No","46xRV0s4voxrYJ59emLzB6"
"2021-08-27 19:11","Rush","Cut to the Chase - 2004 Remaster",288853,"No","5wi98GNrsv7LsOWOOji0Wt"
"2021-08-27 23:20","Rush","Between Sun & Moon - 2004 Remaster",277773,"No","4M8k3O09ksiX6CTDWiDpEr"
"2021-08-27 23:31","Rush","The Speed of Love - 2004 Remaster",301786,"No","3KQCdojAu1aO3BZ2G959e1"
"2021-08-27 23:37","Rush","Double Agent - 2004 Remaster",291360,"No","43kNCjDBX9dRKO5LSC2Wsc"
"2021-08-27 23:41","Rush","Leave That Thing Alone - 2004 Remaster",245826,"No","32DaPcfAuiQtdvRaOQn7qX"
"2021-08-27 23:46","Rush","Cold Fire - 2004 Remaster",266493,"No","2Azr7JIEFYxaV5kp2RJ5lE"
"2021-08-27 23:51","Rush","Everyday Glory - 2004 Remaster",289460,"No","5iR2mMuvTlUDbWM0fEMfEJ"
"2021-08-27 23:51","Rush","Need Some Love",4210,"No","4ssrDczLOdo1veDL3LgHwI"
"2021-08-27 23:54","Rush","In The Mood",213853,"No","2CB4yzH1SBr0q85YniII0M"
"2021-08-28 00:00","Rush","Working Man",966,"No","1gkn90ExKRNAOlhDs4RoW0"
"2021-08-28 00:00","Rush","Before And After",334600,"No","2ix7QGz7AtP7adFF52EDW6"
"2021-08-29 23:32","Rush","Finding My Way",305933,"No","6POxVhw9vbWKn4vXrLo3St"
"2021-08-29 23:39","Rush","Take A Friend",264066,"No","11KIDPIj4gFZ43Q6szqAfB"
"2021-08-29 23:47","Rush","Here Again",454560,"No","1q8VMNy2RTTl7dZhVIU6hk"
"2021-08-29 23:51","Rush","What You're Doing",262106,"No","5ta0Ra3jMlNWKlSyIML7ZI"
"2021-09-06 00:04","Led Zeppelin","Hey, Hey, What Can I Do - Remaster",236760,"No","16VhHtoaOjTU4AJBNSBNQ1"
"2021-09-07 12:37","Data Hackers","Como nós começamos em Data Science - Episódio 01 - Data Hackers",3965149,"Yes","null"
"2021-09-08 12:41","Data Hackers","Como é o dia a dia de um Cientista de Dados - Episódio 02 - Data Hackers",3579794,"Yes","null"
"2021-09-08 13:32","Data Hackers","Data-Driven Products: por dentro da área de produtos orientados a dados - Episódio 03 - Data Hackers",2963230,"Yes","null"
"2021-09-09 12:00","Data Hackers","O que um Engenheiro de Dados faz? - Episódio 04 - Data Hackers Podcast",70,"Yes","null"
"2021-09-10 12:58","Data Hackers","Como criar um time de Data Science - Episódio 05 - Data Hackers Podcast",3522649,"Yes","null"
"2021-09-10 23:37","Queen","Too Much Love Will Kill You",258800,"No","5eDwoZdv3Qftzs8ijKviYg"
"2021-09-10 23:42","Queen","Somebody To Love - Live At The Freddie Mercury Tribute Concert For AIDS Awareness, Wembley / 1992",307360,"No","0c6gaX6Av1GfiXXqfq9Jox"
"2021-09-10 23:52","Queen","Las Palabras De Amor (The Words Of Love)",19713,"No","5hHpNI203ne4TmVP3c9LPq"
"2021-09-11 13:53","Data Hackers","Mulheres em Data Science - Episódio 06 - Data Hackers Podcast",841,"Yes","null"
"2021-09-11 16:09","Data Hackers","Tendências de Data Science para 2019 - Episódio 07 - Data Hackers Podcast",1031,"Yes","null"
"2021-09-11 16:10","Queen","Party - Remastered 2011",22776,"No","1sGDoMG8J6hnOQ4yMwkyF0"
"2021-09-11 23:16","Freddie Mercury","The Great Pretender",204249,"No","7m1JSCGnmorA3tjtWJpDj4"
"2021-09-13 00:09","Data Hackers","Nubank e EBANX: como é trabalhar com Data Science em Fintechs - Episódio 08 - Data Hackers Podcast",1170,"Yes","null"
"2021-09-14 00:43","Data Hackers","Jornalismo de Dados no Estadão - Episódio 09 - Data Hackers Podcast",1029,"Yes","null"
"2021-09-15 13:07","Data Hackers","Kaggle: como vencer competições de Machine Learning — Data Hackers Podcast 10",811,"Yes","null"
"2021-09-16 13:39","Data Hackers","Carreira em Data Science — Data Hackers Podcast 11",1416,"Yes","null"
"2021-09-17 01:28","Data Hackers","Aprendizado e o futuro da educação - Data Hackers Podcast 12",2783,"Yes","null"
"2021-09-19 00:38","Blue Öyster Cult","Box in My Head",225181,"No","6QJmMsK2vCvxPvkeaPFM0F"
"2021-09-19 00:52","Blue Öyster Cult","Tainted Blood",257654,"No","0fH5JH6nF13GqegSQvG0uX"
"2021-09-19 00:57","Blue Öyster Cult","Nightmare Epiphany",330684,"No","4bNuSqQByGNwVSYBttd9Jm"
"2021-09-19 01:07","Blue Öyster Cult","The Machine",254907,"No","2FH9s2d6Kuo3RyvfwGfWL7"
"2021-09-19 01:11","Blue Öyster Cult","Train True (Lennie's Song)",237228,"No","6lO5R7MqS8zBCQRBUqOi9x"
"2021-09-19 01:15","Blue Öyster Cult","The Return of St. Cecilia",252882,"No","2prO2CskUEGM1sErj1tyyi"
"2021-09-19 01:20","Blue Öyster Cult","Stand and Fight",288506,"No","0d6toPSchGTRM7HOGGE8Sy"
"2021-09-19 01:24","Blue Öyster Cult","Florida Man",248635,"No","6XEe0KctR5H9ll1HMQrBZr"
"2021-09-19 01:30","Blue Öyster Cult","The Alchemist",360310,"No","6gqBQnqc30AV9Z8mFu20EF"
"2021-09-19 01:35","Blue Öyster Cult","Secret Road",324203,"No","4D0rMWGCN4xQzSgLDOj634"
"2021-09-19 01:39","Blue Öyster Cult","There's a Crime",217243,"No","5faIQyk8ZehpXPPvBPbXNa"
"2021-09-19 01:42","Blue Öyster Cult","Fight",192410,"No","4QULNfm0fGOq1x7Z6ufi0O"
"2021-09-19 15:55","Blue Öyster Cult","O.D.'d On Life Itself",286786,"No","25bhZC815VKJyXBF15UVje"
"2021-09-19 16:13","Blue Öyster Cult","Eyes on Fire",236533,"No","41E1dJP0U1tlgIsjmPLHhd"
"2021-09-19 16:29","Blue Öyster Cult","This Ain't the Summer of Love",140933,"No","1lyzM8ksTZShD51uQVt8zW"
"2021-09-19 16:32","Blue Öyster Cult","Screams",190133,"No","2KsnSzoJlmfT44jFOqRP1E"
"2021-09-19 16:37","Blue Öyster Cult","After Dark",265973,"No","29PUsW4uzZI39YffXGKlUw"
"2021-09-19 16:42","Blue Öyster Cult","Nosferatu",321480,"No","2Qo5Bpb4Chv3KHhQn4dGWl"
"2021-09-19 16:56","Blue Öyster Cult","Cities On Flame - Live 1979",299116,"No","null"
"2021-09-19 17:11","Blue Öyster Cult","Dominance and Submission",322173,"No","4cOqjEZyN13voCKivT0ae2"
"2021-09-19 17:15","Blue Öyster Cult","ME 262",285693,"No","273lBFpxUCwisTpdnF9cVb"
"2021-09-19 17:39","Blue Öyster Cult","Fallen Angel",194906,"No","1IYjr8q6ZmRxVlTVtBTvQn"
"2021-09-19 17:43","Blue Öyster Cult","The Red & the Black",263226,"No","1mKM34k8n1nLeMF1yt9EKS"
"2021-09-19 17:46","Blue Öyster Cult","She's as Beautiful as a Foot",176240,"No","4dxvxIJyRionBTOIo3v8yH"
"2021-09-19 17:46","Blue Öyster Cult","Sinful Love",9416,"No","0ZulY8etRzj54NLYOYX7jy"
"2021-09-19 18:20","Blue Öyster Cult","Born To Be Wild - Live 1979",378276,"No","null"
"2021-09-19 22:17","Blue Öyster Cult","Tattoo Vampire",13060,"No","1DV0f9SWOku3899QQ8ux93"
"2021-09-19 22:31","Blue Öyster Cult","Joan Crawford",294266,"No","0DcEV14d8zZykcFQ6PI2KQ"
"2021-09-20 01:29","Data Hackers","As maiores tretas e polêmicas no mundo de Dados - Data Hackers Podcast 13",1416,"Yes","null"
"2021-09-25 22:28","Blue Öyster Cult","Transmaniacon MC",199996,"No","59ENhfT8TIFjB30TUVG4PA"
"2021-09-27 12:36","Blue Öyster Cult","Redeemed",21798,"No","1P37l3UBUo49cqATq6Qccz"
"2021-10-04 14:06","Blue Öyster Cult","When the War Comes Home",26537,"No","7aZuLqm3Ft8eUnzDYkJrXR"
"2021-10-04 14:28","Blue Öyster Cult","Dancin' In the Ruins",241460,"No","3hPYZWTZPGBnQ5fCAl6d12"
"2021-10-04 14:40","Blue Öyster Cult","Shooting Shark",430180,"No","2hIPXxsglGrqR1O7j4zt9H"
"2021-10-04 19:09","Blue Öyster Cult","Fireworks",192110,"No","2oX1Mb2560PoRxHAVSpRAM"
"2021-10-04 19:17","Blue Öyster Cult","Stairway to the Stars",222549,"No","3VH9PB4maOkYsS1KKXDBb1"
"2021-10-06 13:10","Blue Öyster Cult","Flaming Telepaths",318650,"No","1SphwtRn4YYVffKnTWaugH"
"2021-10-06 13:49","Blue Öyster Cult","Career of Evil",238950,"No","1hNIb1XdqTfcanT6yr9l4k"
"2021-10-07 13:11","Rush","Force Ten",271193,"No","2B36scXmm2xG35ILOJMmxf"
"2021-10-07 13:16","Rush","Distant Early Warning",296669,"No","1bVnRjdVprR6ZoT67DBxML"
"2021-10-07 13:21","Rush","Dreamline - 2004 Remaster",276532,"No","1hM2HXmeYuEe1VTf0O1IFU"
"2021-10-07 13:31","Rush","Vital Signs",285949,"No","1k0GxoZYv3Yx5mNeXMOZN2"
"2021-10-10 01:59","Rush","Tom Sawyer",46831,"No","3QZ7uX97s82HFYSmQUAN1D"
"2021-10-10 02:34","Rush","Time Stand Still",308730,"No","1uqGSvSc207Zlgi4sGr9RQ"
"2021-10-12 23:29","Histórias em Inglês com Duolingo","Comfort food (Comida para a alma)",1233465,"Yes","null"
"2021-10-24 20:28","Queen","Killer Queen - Live",127503,"No","7AiTvKZk5X8uoKNJIvO1XM"
"2021-10-24 22:48","Pink Floyd","Time",413947,"No","3TO7bbrUKrOSPGRTB5MeCz"
"2021-10-25 22:45","Queen","Now I'm Here - Live",331600,"No","7HA4EkisJwVjgw33HFHXJl"
"2021-10-25 22:49","Queen","Sheer Heart Attack - Live",233693,"No","3NSF4s2vCGy5LRrVCc1OvQ"
"2021-10-26 13:08","Deep Purple","Highway Star - Remastered 2012",366136,"No","null"
"2021-10-26 13:36","Queen","We Will Rock You - Live",129333,"No","1sKXAVkHNIN3hUPP3RhwdL"
"2021-10-26 13:55","Queen","Get Down, Make Love - Live",285933,"No","1es2FFv4VFnRUAO1AuQpxM"
"2021-10-27 15:24","Pink Floyd","Pigs on the Wing 1",4930,"No","19tHmIQsRnebkyK09m2UXE"
"2021-10-27 15:24","Pink Floyd","Dogs",15190,"No","2jvuMDqBK04WvCYYz5qjvG"
"2021-10-27 15:25","Pink Floyd","Pigs (Three Different Ones)",15620,"No","0gEaeqVRHPzRc7HMXtOKc7"
"2021-10-27 15:28","Pink Floyd","Sheep",206660,"No","55e99bv2wlgTYtNEYHWtN1"
"2021-10-27 15:33","Pink Floyd","Money",158920,"No","0vFOzaXqZHahrZp6enQwQb"
"2021-10-29 15:10","Pink Floyd","Comfortably Numb",382173,"No","5HNCy40Ni5BZJFw1TKzRsC"
"2021-10-29 17:06","Rush","In The End",406469,"No","2T6lFb6HFAOkkOnphgwA2R"
"2021-10-29 17:24","Pink Floyd","Fat Old Sun",323600,"No","5qlckstqDQ2RskL0SJsDYx"
"2021-11-06 15:28","Howlin' Wolf","Spoonful",12982,"No","7j02rdE5RVtNcNMuLGY5SS"
"2021-11-06 16:06","Cream","Born Under A Bad Sign - BBC Sessions",4471,"No","2tfWZqnlYUZ9joug4CKjig"
"2021-11-06 16:06","Albert King","Born Under A Bad Sign (with Stevie Ray Vaughan)",17507,"No","6tLKN3h7VxBpwJ2DqVLT4z"
"2021-11-06 16:09","Cream","Born Under A Bad Sign",189429,"No","2uxsnsH0XzOBZkMrSFVmll"
"2021-11-09 16:36","Rainbow","Stargazer",12910,"No","1aDNYyeU62BuQsBAY18i48"
"2021-11-09 22:50","Queen","Radio Ga Ga - Live Aid",245612,"No","5ODSfJ2h7m1Zkg6MIm2C9Q"
"2021-11-09 22:56","Queen","Bohemian Rhapsody - Remastered 2011",354260,"No","7tFiyTwD0nx5a1eklYtX2J"
"2021-11-09 23:02","Queen","Another One Bites The Dust - Remastered 2011",214537,"No","57JVGBtBLCfHw2muk5416J"
"2021-11-09 23:06","Queen","I Want To Break Free - Single Remix",257853,"No","null"
"2021-11-09 23:17","Queen","Somebody To Love - Remastered 2011",296213,"No","6cFZ4PLC19taNlpl9pbGMf"
"2021-11-09 23:24","Queen","Killer Queen - Remastered 2011",179312,"No","7GqWnsKhMtEW0nzki5o0d8"
"2021-11-09 23:27","Queen","We Are The Champions - Remastered 2011",179023,"No","7ccI9cStQbQdystvc6TvxD"
"2021-11-09 23:29","Queen","We Will Rock You - Remastered 2011",121866,"No","54flyrjcdnQdco7300avMJ"
"2021-11-10 01:09","Queen","Crazy Little Thing Called Love - Remastered 2011",163277,"No","35ItUJlMtjOQW3SSiTCrrw"
"2021-11-10 01:12","Queen","Don't Stop Me Now - Remastered 2011",209318,"No","7hQJA50XrCWABAu5v6QZ4i"
"2021-11-10 01:16","Queen","Love Of My Life - Remastered 2011",217179,"No","790YJcgHlN3SaosQCHlWzn"
"2021-11-10 01:20","Queen","Fat Bottomed Girls - 2011 Remaster",255579,"No","4igIYHF3B5VBxEafHauVo3"
"2021-11-10 01:34","Queen","I Want It All - Single Version",242050,"No","5hWx2u74ZAK7aRXixtDx1X"
"2021-11-10 01:38","Queen","We Are The Champions - Live Aid",236798,"No","5SWhZ7Xn6t7TowUp77vaUz"
"2021-11-10 01:45","Queen","Keep Yourself Alive - BBC Session / February 5th 1973, Langham 1 Studio",229644,"No","3qFTqz2IW4C9pRXPiijwjt"
"2021-11-10 01:48","Queen","Good Old-Fashioned Lover Boy - Remastered 2011",172938,"No","1mnQiO568zXIrUncttTZGp"
"2021-11-10 01:51","Queen","Bicycle Race - Remastered 2011",179947,"No","3lUx27TOwV2nAiKwnYYXxe"
"2021-11-10 01:54","Queen","You're My Best Friend - Remastered 2011",169808,"No","4OKf7CcYuw5H2HptkcKxcP"
"2021-11-10 01:58","Queen","Hammer To Fall - Live Aid",243341,"No","5YpHQOxvS1pe36h2vkkjSx"
"2021-11-10 01:59","Queen","Ay-Oh - Live Aid",41251,"No","5nv5hodQpAMoT2PqSVmakE"
"2021-11-10 15:45","Queen","Save Me - Remastered 2011",42041,"No","2mGEqJahn3CSyCG1BTEqMs"
"2021-11-10 15:51","Queen","Seven Seas Of Rhye - Remastered 2011",168963,"No","1e9Tt3nKBwRbuaU79kN3dn"
"2021-11-10 15:56","Queen","I Was Born To Love You - 2011 Remaster",289733,"No","1CKo7tzWiPzIGXc28DrABh"
"2021-11-10 16:01","Queen","Now I'm Here - Remastered 2011",252887,"No","0P7YJ9fxIOM0Rq4pZ2qU42"
"2021-11-10 16:09","Queen","These Are The Days Of Our Lives - 2011 Remaster",254882,"No","2HpkD9J7t7xBaduVflpmqn"
"2021-11-10 16:13","Queen","Too Much Love Will Kill You - Remastered 2011",259201,"No","5eDwoZdv3Qftzs8ijKviYg"
"2021-11-10 16:29","Queen","Princes Of The Universe - Remastered 2011",213768,"No","5jNn9QeC5PCZl3t27eusXg"
"2021-11-10 16:32","Queen","Play The Game - Remastered 2011",212432,"No","4b0mX1GtrQLiUW9jpb6Xcx"
"2021-11-10 16:38","Queen","You Don't Fool Me - Remastered 2011",324836,"No","35balOkqaPZ4IrvZtG3YNg"
"2021-11-10 16:41","Queen","'39 - Remastered 2011",209765,"No","0kIpcu3DQacQObHVyra9Jx"
"2021-11-10 16:46","Queen","Tie Your Mother Down - Remastered 2011",287186,"No","6K8gEgGkOyD1wFY3kAcyOy"
"2021-11-10 17:00","Queen","Heaven For Everyone - Remastered 2011",335945,"No","1gZisUSub74637T2rJmimh"
"2021-11-10 19:31","Queen","It's Late - Remastered 2011",249006,"No","0bnTlF0pyVHFRXuwS9QB7x"
"2021-11-10 19:37","Queen","Flash - Single Version",168124,"No","6tYYT8zNxkadSCujCdR6Ur"
"2021-11-10 19:47","Queen","Liar - Remastered 2011",342906,"No","5o6VEJfhYj9Ubp73tmwl6t"
"2021-11-10 19:51","Queen","Cool Cat - Remastered 2011",209006,"No","6Re2AwZUVlgBng04BZTauW"
"2021-11-10 19:51","Queen","Death On Two Legs (Dedicated To...) - Remastered 2011",23144,"No","4J0kN8QS2esY6cWBsFjtW9"
"2021-11-10 20:08","Queen","Lazing On A Sunday Afternoon - Remastered 2011",67253,"No","12TZzfqJyY3UvtZ3lq1WmY"
"2021-11-10 20:12","Queen","Get Down, Make Love - Remastered 2011",229946,"No","1DdC1R2eDWg3Xq9RPSX4h2"
"2021-11-11 12:21","Queen","Forever - Piano Version",199949,"No","4gvqYbuokkI71nimNaNP1H"
"2021-11-11 12:25","Queen","My Fairy King - BBC Session / February 5th 1973, Langham 1 Studio",248186,"No","22PDDxasXyFMek05JaWmVC"
"2021-11-11 12:29","Queen","I Can't Live With You - Remastered 2011",273412,"No","5LJy5FhiILp9WXf7g7dt6t"
"2021-11-11 12:32","Queen","Stone Cold Crazy - Remastered 2011",133548,"No","1v870eS7JuHSeBNBFsVz3b"
"2021-11-11 16:08","Queen","Sleeping On The Sidewalk - Remastered 2011",163338,"No","6T4mvqvMIwa0S6EH84QAAJ"
"2021-11-11 16:12","Queen","Sheer Heart Attack - Remastered 2011",207419,"No","5AHQ3hXjXQzmtCT5iEkh2f"
"2021-11-13 20:10","Black Sabbath","Lord of This World",322906,"No","3EUJS9hmoZPYCFuUctnfCz"
"2021-11-14 16:08","Led Zeppelin","Going to California - Remaster",186628,"No","70gbuMqwNBE2Y5rkQJE9By"
"2021-11-18 16:57","Blue Öyster Cult","Burning for You - Remastered",268260,"No","7gzbnBiHnGBpruEIWTSh1X"
"2021-11-18 17:02","Deep Purple","Perfect Strangers",328361,"No","2JhJOPGvtqMpj5RQC8cIYf"
"2021-11-18 17:07","Rainbow","Man On The Silver Mountain",10541,"No","52bzQkgk8TznulGvKOPQTK"
"2021-11-18 17:07","Rush","YYZ",265560,"No","3lpDrxUkr0tIe1kmJvdK7d"
"2021-11-20 09:56","Pink Floyd","Another Brick in the Wall, Pt. 2",238746,"No","4gMgiXfqyzZLMhsksGmbQV"
"2021-11-25 23:58","Rush","Subdivisions",334000,"No","0Z0s6dw0zw2ENU1gVjlLV6"
"2021-11-26 00:03","Rush","Chemistry",297466,"No","4J5sWlkO9gnR5o9wXwC9Ba"
"2021-11-26 00:15","Rush","Digital Man",380933,"No","1ZhhIn96uDxZrPeYinban3"
"2021-11-26 00:39","Rush","Losing It",292506,"No","7l4um9WaXEJOpYmkrXsPsE"
"2021-11-26 00:42","Rush","New World Man",222320,"No","2l1AraumK6y3VUwi8Bw7iJ"
"2021-11-29 19:57","The Who","I Am The Sea",129880,"No","0f0DUjcrkg9Vi4Eg0abLPi"
"2021-11-29 20:00","The Who","The Real Me",200706,"No","4rVvheUQ2wQpn5uXX5l0gS"
"2021-11-29 20:06","The Who","Quadrophenia",373133,"No","2daz5cSUMul4An2vCSERJC"
"2021-11-29 20:10","The Who","Cut My Hair",224346,"No","75AhlGB9aFWTxDfbmbdiCH"
"2021-11-29 20:15","The Who","The Punk And The Godfather",310933,"No","2O1tCUkthqO7SWpXdDnp2T"
"2021-11-29 20:18","The Who","I'm One",157853,"No","6TRQUflD06zYvNijwb2HNH"
"2021-11-29 20:22","The Who","The Dirty Jobs",268933,"No","2JqIRmo5zyrneYYVG9XX5D"
"2021-11-29 20:59","The Who","Helpless Dancer",97503,"No","775kHBFQ3xnxGeRe0rOz7b"
"2021-11-30 13:14","Rush","I Think I'm Going Bald",217750,"No","69XM8H8if0YrYAAwW08fKA"
"2021-11-30 13:18","Rush","Lakeside Park - Live",247559,"No","3MfS6EixnNddUaOReff2aI"
"2021-11-30 13:30","Rush","The Necromancer",748781,"No","68WOjqnUdYrBd44y9ow0Z1"
"2021-11-30 13:50","Rush","The Fountain Of Lamneth",1197810,"No","59VlwBBWgPPKBOg42ZVzOT"
"2021-12-08 13:04","Rush","Tom Sawyer - Rio Live",304666,"No","6rH0YAuAvw84F3ulahV10F"
"2021-12-08 13:09","Rush","Distant Early Warning - Rio Live",290626,"No","0cDmmh2mYm3pQUKIV96dNa"
"2021-12-08 13:13","Rush","New World Man - Rio Live",244906,"No","3qoRpG240NppQ14EM8XUDs"
"2021-12-08 13:19","Rush","Roll the Bones - Rio Live",375693,"No","5e2QOwClEMTm3M6tGKfupk"
"2021-12-08 13:25","Rush","Earthshine - Rio Live",344106,"No","23u8mHdw83yv0gVM0myLGy"
"2021-12-08 15:41","Rush","YYZ - Rio Live",201850,"No","4ie9a7aQFIUFnOOTeZxtLc"
"2021-12-09 20:02","Rush","The Pass - Rio Live",292281,"No","1Eh0FDAab5TnUdsBquNGRp"
"2021-12-09 20:17","Rush","Bravado - Rio Live",378407,"No","6TzYSNfTrfgauZwKITljUU"
"2021-12-09 20:23","Rush","The Big Money - Rio Live",362916,"No","1opdpazdsiE6wC5rf3m8PT"
"2021-12-09 20:28","Rush","Trees - Rio Live",311920,"No","41ttGajeIrlQXCilpRDLzT"
"2021-12-11 12:12","Rush","Free Will - Rio Live",6480,"No","1sv7ojDcUtaYTPbR5CrSwc"
"2021-12-13 01:44","Rush","Crossroads",205465,"No","0VX5SeVK2VbE7QCmckXUaP"
"2021-12-22 01:31","Queen","Under Pressure - Rah Mix",248666,"No","0TuLWcAbTsCG81tZEJuLIr"
"2021-12-22 01:36","Freddie Mercury","Barcelona",265440,"No","07rjmFuB0I2O1UuIPnu6Qj"
"2021-12-22 02:11","Queen","Thank God It's Christmas",198790,"No","3AymrUApW5JKKaNrHQhcBG"
"2022-01-03 00:29","Deep Purple","Black Night - 1995 Remaster",5500,"No","null"
"2022-01-04 17:11","Rush","The Trees - Live At Pinkpop Festival, Netherlands/1979",310306,"No","6R9kgbgGlAbXsPbUfJdYK5"
"2022-01-04 17:12","Rush","Cygnus X-1: Book II Hemispheres - The Sphere (A Kind Of Dream) - Live At Pinkpop Festival, Netherlands/1979",53918,"No","67UYyEvzyi7xt86pyA8o5k"
"2022-01-04 17:16","Rush","Closer To The Heart - Live At Pinkpop Festival, Netherlands/1979",195640,"No","4LqOOZcWio12i6NQiVA1Ab"
"2022-01-04 17:27","Rush","La Villa Strangiato - Live At Pinkpop Festival, Netherlands/1979",681692,"No","5TaTAqWGwtJ1g3ErzklPAl"
"2022-01-04 17:30","Rush","In The Mood - Live At Pinkpop Festival, Netherlands/1979",156550,"No","1NA3Dd4aZaVtemb5Vrc4u9"
"2022-01-04 17:41","Rush","Drum Solo - Live At Pinkpop Festival, Netherlands/1979",79758,"No","70kERQc5n5nwV5VNJpDm7J"
"2022-01-04 17:45","Rush","2112 - Live In Arizona/1978",5186,"No","72WeflXaDTn7X26zQUYMu1"
"2022-01-04 17:45","Rush","Something For Nothing - Live At Pinkpop Festival, Netherlands/1979",2600,"No","6Wyc2EYf9n6GLTcGhYfNM9"
"2022-01-04 17:58","Deep Purple","When A Blind Man Cries - Remastered",209246,"No","null"
"2022-01-04 18:03","Dio","Don't Talk To Strangers",291086,"No","0FVDva1nGzMI4IFhb5vrBq"
"2022-01-04 18:22","Boston","More Than a Feeling",95176,"No","1QEEqeFIZktqIpPI4jSVSF"
"2022-01-06 00:14","Rush","Cygnus X-1 Book II: Hemispheres",1089013,"No","7xxZUTxxlkiFEMzL6lYXtF"
"2022-01-09 22:01","Rush","Best I Can",205573,"No","4In36toej4JkNAPn24Jk88"
"2022-01-09 22:29","Rush","Rivendell",297093,"No","3U52bW9ucEIw2UQ50Oh0ZD"
"2022-01-10 23:24","Rush","Open Secrets",337600,"No","2QLQ8R0UbYX5iNNTgmR7V6"
"2022-01-10 23:29","Rush","Second Nature",276373,"No","6052jtfgpaXiVlHLUnoFFm"
"2022-01-10 23:39","Rush","Lock And Key",309200,"No","6JyLquq5aQde75cezBnw6P"
"2022-01-10 23:45","Rush","Mission",315706,"No","0q6kL6JEfoGbozD1rjG7NY"
"2022-01-10 23:54","Rush","Tai Shan",255293,"No","3k4ML90lCkW9bHvGeGrDIV"
"2022-01-11 00:00","Rush","High Water",333133,"No","2BEr51Zq9qSL55rGOCXmPP"
"2022-01-11 00:07","Rush","Red Barchetta",370426,"No","6UGHk2cmbDC1oidVjXcCKo"
"2022-01-15 20:43","Rush","Witch Hunt",285533,"No","6cbBAD1AAYVaQR1cx89AZX"
"2022-01-15 23:27","Queen","The Show Must Go On - Live / Theatre National de Chaillot, Paris / 1997",275360,"No","5QB0ySp2IXZBegG0D3kzQa"
"2022-01-16 20:45","Led Zeppelin","Good Times Bad Times - Live: O2 Arena, London - December 10, 2007",191560,"No","7wGaViRu4g24CDqUcnJrGp"
"2022-01-16 20:51","Led Zeppelin","Ramble On - Live: O2 Arena, London - December 10, 2007",344560,"No","1kOfZShwvYeN4b4UocSGMm"
"2022-01-16 20:57","Led Zeppelin","Black Dog - Live: O2 Arena, London - December 10, 2007",353400,"No","5xAWsRDWBaEv0aFsAAqJBD"
"2022-01-16 21:04","Led Zeppelin","In My Time of Dying - Live: O2 Arena, London - December 10, 2007",431410,"No","4usCLaZPkOxZUwcbtfKivq"
"2022-01-26 15:23","Rush","The Spirit Of Radio - Live In Canada / 1980",310960,"No","1NhH2jsDT8384oU4kMuRXG"
"2022-01-26 15:29","Rush","Red Barchetta - Live In Canada / 1980",406506,"No","22KRO96i1ToUsIKDRg7Q1N"
"2022-01-26 15:37","Rush","YYZ - Live In Canada / 1980",463000,"No","2qWh6XlMWphHyrkUpOsKhE"
"2022-01-26 15:41","Rush","A Passage To Bangkok - Live In The UK / 1980",224760,"No","0FENG699uDaqBsOj2yoVOo"
"2022-01-26 15:44","Rush","Closer To The Heart - Live In The UK / 1980",188266,"No","1GYfgGthvi8E2SGAeNllc3"
"2022-01-26 15:46","Rush","Beneath, Between & Behind - LIve In The UK / 1980",153800,"No","0LNJC9EjDe7bGGcoMFyUW7"
"2022-01-26 15:55","Rush","Jacob's Ladder - Live In The UK / 1980",525866,"No","2TopG23L99udLqGBX4uufb"
"2022-01-26 15:57","Rush","Broon's Bane",96826,"No","5HRsMfZ3FA0kDa3FeyVIU6"
"2022-01-26 16:02","Rush","The Trees - Live In Canada / 1980",289533,"No","6HLuIZTsFcNYsgUm2sJAY9"
"2022-01-26 16:14","Rush","Xanadu - Live In Canada / 1980",729306,"No","15NLj0AfgiTEiQRZdTLmmE"
"2022-01-26 16:19","Rush","Freewill - Live In Canada / 1980",331133,"No","7igf6UOKN2h1KeeyV1Nq4b"
"2022-01-26 16:24","Rush","Tom Sawyer - Live In Canada / 1980",296030,"No","0T4mou3SNprK2yH4OniuyL"
"2022-01-30 22:47","Rush","La Villa Strangiato - Live In Canada / 1980",577333,"No","0Qb4d2bkSxltDT8kustnOO"
"2022-02-16 23:59","The Who","Bell Boy",296440,"No","0DkCOLwvtxVPs3ri0XbDLK"
"2022-02-17 00:07","The Who","Doctor Jimmy",501100,"No","1NwZEoDB9oQOH2UnRgDMX2"
